,v,vw,o,c,h,l,t,n,10Y yield,monthly_inflation_exp,employment_rate,daily return,time
0,276990436.0,281.1395,284.64,288.42,288.52,273.5,2020-03-10,2516869,0.76,2.1,14.7,0.0,2020.1917808219177
1,256734314.0,277.6211,280.7,274.36,281.94,270.88,2020-03-11,2152459,0.82,2.1,14.7,-0.0487483530961792,2020.194520547945
2,393679530.0,255.6975,256.0,248.11,266.66,247.68,2020-03-12,3709924,0.88,2.1,14.7,-0.09567721242163585,2020.1972602739727
3,330252283.0,258.7299,263.09,269.32,271.4754,249.58,2020-03-13,2676722,0.94,2.1,14.7,0.08548627624843808,2020.2
4,296792617.0,248.7405,241.18,239.85,256.9,237.36,2020-03-16,2147728,0.73,2.1,14.7,-0.10942373384821036,2020.2082191780821
5,261836127.0,247.7393,245.04,252.8,256.17,237.07,2020-03-17,2175107,1.02,2.1,14.7,0.05399207838232245,2020.2109589041097
6,327724219.0,237.823,236.25,240.0,248.37,228.02,2020-03-18,2874727,1.18,2.1,14.7,-0.05063291139240511,2020.213698630137
7,289790568.0,241.3464,239.25,240.51,247.38,232.22,2020-03-19,2855919,1.12,2.1,14.7,0.0021249999999999325,2020.2164383561644
8,348045753.0,236.7731,242.53,228.8,244.47,228.5,2020-03-20,2926970,0.92,2.1,14.7,-0.04868820423267217,2020.2191780821918
9,327229472.0,224.6878,228.19,222.95,229.6833,218.26,2020-03-23,2848115,0.76,2.1,14.7,-0.02556818181818188,2020.227397260274
10,235954426.0,237.7335,234.42,243.15,244.1,233.8,2020-03-24,1625793,0.84,2.1,14.7,0.09060327427674375,2020.2301369863014
11,300041840.0,247.9208,244.87,246.79,256.35,239.75,2020-03-25,2166620,0.88,2.1,14.7,0.01497018301460007,2020.2328767123288
12,258161719.0,255.7588,249.52,261.2,262.8,249.05,2020-03-26,1886241,0.83,2.1,14.7,0.05838972405689047,2020.2356164383561
13,224788741.0,255.3593,253.27,253.42,260.81,251.05,2020-03-27,1672719,0.72,2.1,14.7,-0.02978560490045945,2020.2383561643835
14,171081883.0,258.827,255.7,261.65,262.43,253.53,2020-03-30,1127437,0.70,2.1,14.7,0.03247573198642573,2020.2465753424658
15,193987536.0,259.7994,260.56,257.75,263.33,256.22,2020-03-31,1189039,0.70,2.1,14.7,-0.014905407987769848,2020.2493150684932
16,190167231.0,249.6237,247.98,246.15,257.6591,243.9,2020-04-01,1214396,0.62,2.1,13.2,-0.04500484966052376,2020.2493150684932
17,190167231.0,249.6237,247.98,246.15,257.6591,243.9,2020-04-01,1214396,0.62,2.1,14.7,0.0,2020.2493150684932
18,190167231.0,249.6237,247.98,246.15,257.6591,243.9,2020-04-01,1214396,0.62,3.2,13.2,0.0,2020.2493150684932
19,190167231.0,249.6237,247.98,246.15,257.6591,243.9,2020-04-01,1214396,0.62,3.2,14.7,0.0,2020.2493150684932
20,177931526.0,249.2326,245.19,251.83,252.68,244.59,2020-04-02,1309518,0.63,3.2,13.2,0.023075360552508695,2020.2520547945205
21,135814457.0,248.5675,250.76,248.19,253.32,245.22,2020-04-03,998211,0.62,3.2,13.2,-0.01445419529047376,2020.2547945205479
22,188155875.0,260.7681,257.84,264.86,267.0,256.725,2020-04-06,1033632,0.67,3.2,13.2,0.0671662838954028,2020.2630136986302
23,202150376.0,269.6387,274.21,265.13,275.03,264.89,2020-04-07,1292805,0.75,3.2,13.2,0.0010194064788944246,2020.2657534246575
24,154013360.0,271.0468,267.96,274.03,276.0,265.56,2020-04-08,950861,0.77,3.2,13.2,0.033568438124693456,2020.268493150685
25,190493451.0,278.2458,277.58,278.2,281.2,275.47,2020-04-09,1171997,0.73,3.2,13.2,0.015217311973141578,2020.2712328767122
26,115073487.0,274.5239,277.14,275.66,277.51,271.41,2020-04-13,752218,0.76,3.2,13.2,-0.00913012221423426,2020.282191780822
27,134112038.0,282.0831,280.98,283.79,284.9,279.91,2020-04-14,761246,0.76,3.2,13.2,0.029492853515199924,2020.2849315068493
28,122235649.0,277.8249,277.57,277.76,283.9407,275.46,2020-04-15,711140,0.63,3.2,13.2,-0.021248105993868838,2020.2876712328766
29,131935603.0,278.8518,279.15,279.1,280.03,275.76,2020-04-16,748799,0.61,3.2,13.2,0.004824308755760454,2020.2904109589042
30,147246068.0,284.3153,285.38,286.64,287.3,282.4,2020-04-17,699788,0.65,3.2,13.2,0.02701540666427782,2020.2931506849316
31,100346358.0,283.7248,282.61,281.59,286.7912,281.35,2020-04-20,600459,0.63,3.2,13.2,-0.017617917945855432,2020.3013698630136
32,126809571.0,274.7614,276.73,273.04,278.04,272.02,2020-04-21,923552,0.58,3.2,13.2,-0.03036329415107053,2020.304109589041
33,93740606.0,278.4823,278.35,279.1,281.0,276.91,2020-04-22,527779,0.63,3.2,13.2,0.022194550249047706,2020.3068493150686
34,104896702.0,280.9657,280.49,279.08,283.94,278.75,2020-04-23,688622,0.61,3.2,13.2,-7.16589036189319e-05,2020.309589041096
35,85360743.0,281.03,280.73,282.97,283.7,278.5,2020-04-24,438567,0.60,3.2,13.2,0.013938655582628856,2020.3123287671233
36,78061251.0,286.518,285.12,287.05,288.27,284.62,2020-04-27,430205,0.67,3.2,13.2,0.014418489592536332,2020.3205479452056
37,105676439.0,287.7719,291.02,285.73,291.4,285.4,2020-04-28,582614,0.62,3.2,13.2,-0.004598502003135274,2020.323287671233
38,118451998.0,292.6906,291.53,293.21,294.88,290.41,2020-04-29,643387,0.63,3.2,13.2,0.026178560179189958,2020.3260273972603
39,122787093.0,290.5921,291.71,290.48,293.3239,288.59,2020-04-30,650782,0.64,3.2,13.2,-0.009310732921796516,2020.3287671232877
40,125563365.0,284.0961,285.31,282.79,290.6572,281.52,2020-05-01,639989,0.64,3,13.2,-0.026473423299366527,2020.331506849315
41,125563365.0,284.0961,285.31,282.79,290.6572,281.52,2020-05-01,639989,0.64,3,11.0,0.0,2020.331506849315
42,125563365.0,284.0961,285.31,282.79,290.6572,281.52,2020-05-01,639989,0.64,3.2,13.2,0.0,2020.331506849315
43,125563365.0,284.0961,285.31,282.79,290.6572,281.52,2020-05-01,639989,0.64,3.2,11.0,0.0,2020.331506849315
44,81282961.0,281.7586,280.74,283.57,283.9,279.13,2020-05-04,460682,0.64,3,11.0,0.0027582304890554354,2020.3397260273973
45,79838418.0,287.3977,286.64,286.19,289.25,285.75,2020-05-05,459765,0.66,3,11.0,0.009239341256127354,2020.3424657534247
46,73738669.0,286.1031,288.04,284.25,288.46,283.78,2020-05-06,436218,0.72,3,11.0,-0.006778713442118889,2020.345205479452
47,75444726.0,287.9894,287.75,287.68,289.78,287.13,2020-05-07,422690,0.63,3,11.0,0.012066842568161817,2020.3479452054794
48,76752568.0,291.4621,291.09,292.44,292.95,289.86,2020-05-08,385502,0.69,3,11.0,0.016546162402669706,2020.3506849315067
49,79809969.0,292.2711,290.34,292.5,294.0,289.88,2020-05-11,419261,0.73,3,11.0,0.00020517029134192732,2020.358904109589
50,95959109.0,290.1834,293.79,286.67,294.24,286.52,2020-05-12,473666,0.69,3,11.0,-0.019931623931623843,2020.3616438356164
51,145189302.0,282.6036,286.06,281.6,287.19,278.965,2020-05-13,833462,0.64,3,11.0,-0.017685840862315505,2020.3643835616438
52,122326803.0,280.9997,278.95,284.97,285.11,272.99,2020-05-14,751983,0.63,3,11.0,0.011967329545454541,2020.3671232876711
53,111604978.0,284.4181,282.37,286.28,286.33,281.34,2020-05-15,541430,0.64,3,11.0,0.004596975120187974,2020.3698630136987
54,120690071.0,293.8657,293.05,295.0,296.75,292.7,2020-05-18,574740,0.73,3,11.0,0.030459689814168023,2020.3780821917808
55,95485453.0,294.285,294.35,291.97,296.205,291.95,2020-05-19,486353,0.70,3,11.0,-0.010271186440677926,2020.3808219178081
56,86040005.0,296.6704,295.82,296.93,297.87,295.57,2020-05-20,414737,0.68,3,11.0,0.01698804671712839,2020.3835616438357
57,77930700.0,295.4947,296.79,294.88,297.67,293.6886,2020-05-21,476461,0.68,3,11.0,-0.006903984103997618,2020.386301369863
58,64211574.0,294.6089,294.57,295.44,295.63,293.22,2020-05-22,348744,0.66,3,11.0,0.0018990775908844792,2020.3890410958904
59,89356117.0,299.8674,301.93,299.08,302.19,298.69,2020-05-26,442146,0.69,3,11.0,0.012320606552937985,2020.4
60,105107396.0,300.7433,302.12,303.53,303.57,296.87,2020-05-27,559223,0.68,3,11.0,0.014878962150595143,2020.4027397260274
61,91076702.0,304.5349,304.65,302.97,306.84,302.24,2020-05-28,502019,0.70,3,11.0,-0.0018449576648105204,2020.4054794520548
62,119459906.0,302.7532,302.46,304.32,304.96,299.47,2020-05-29,667927,0.65,3,11.0,0.004455886721457469,2020.4082191780822
63,56677691.0,305.0262,303.62,305.55,306.205,303.06,2020-06-01,316835,0.66,3,10.2,0.004041798107255579,2020.4136986301369
64,56677691.0,305.0262,303.62,305.55,306.205,303.06,2020-06-01,316835,0.66,3,11.0,0.0,2020.4136986301369
65,56677691.0,305.0262,303.62,305.55,306.205,303.06,2020-06-01,316835,0.66,3,10.2,0.0,2020.4136986301369
66,56677691.0,305.0262,303.62,305.55,306.205,303.06,2020-06-01,316835,0.66,3,11.0,0.0,2020.4136986301369
67,74058985.0,306.6817,306.55,308.08,308.13,305.1,2020-06-02,385680,0.68,3,10.2,0.008280150548191756,2020.4164383561645
68,92967388.0,311.4839,310.24,312.18,313.22,309.94,2020-06-03,437731,0.77,3,10.2,0.013308231628148537,2020.4191780821918
69,76100031.0,311.2717,311.11,311.36,313.0,309.08,2020-06-04,423730,0.82,3,10.2,-0.0026266897302837933,2020.4219178082192
70,150942993.0,318.1706,317.23,319.34,321.275,317.16,2020-06-05,643274,0.91,3,10.2,0.025629496402877594,2020.4246575342465
71,73680654.0,321.4311,320.22,323.2,323.41,319.63,2020-06-08,402333,0.88,3,10.2,0.012087430325045556,2020.4328767123288
72,77792086.0,321.1836,320.3,320.79,323.2849,319.36,2020-06-09,403504,0.84,3,10.2,-0.007456683168316713,2020.4356164383562
73,95120496.0,320.1174,321.42,319.0,322.39,318.2209,2020-06-10,548927,0.75,3,10.2,-0.0055799744381059835,2020.4383561643835
74,209899988.0,305.7907,311.46,300.61,312.15,300.01,2020-06-11,1214588,0.66,3,10.2,-0.05764890282131652,2020.441095890411
75,194260108.0,303.4301,308.24,304.21,309.08,298.6,2020-06-12,1164183,0.71,3,10.2,0.011975649512657505,2020.4438356164383
76,135544866.0,303.8362,298.02,307.05,308.28,296.74,2020-06-15,779009,0.71,3,10.2,0.009335656290062833,2020.4520547945206
77,137995498.0,312.6008,315.48,312.96,315.64,307.67,2020-06-16,808628,0.75,3,10.2,0.0192476795310208,2020.454794520548
78,83306240.0,312.6386,314.07,311.66,314.39,310.86,2020-06-17,435971,0.74,3,10.2,-0.0041538854805724945,2020.4575342465753
79,80937795.0,311.2069,310.005,311.78,312.3,309.51,2020-06-18,419209,0.71,3,10.2,0.0003850349740099901,2020.4602739726026
80,135993861.0,310.3462,314.17,308.64,314.38,306.53,2020-06-19,606554,0.70,3,10.2,-0.010071204054140748,2020.4630136986302
81,74929536.0,309.5633,307.99,310.62,311.05,306.75,2020-06-22,401189,0.71,3,10.2,0.006415241057542875,2020.4712328767123
82,68714204.0,312.8638,313.49,312.05,314.5,311.6101,2020-06-23,381408,0.72,3,10.2,0.004603695834138222,2020.4739726027397
83,132930330.0,305.1843,309.84,304.09,310.51,302.1,2020-06-24,750998,0.69,3,10.2,-0.025508732574907933,2020.4767123287672
84,89071360.0,304.6677,303.47,307.35,307.64,301.28,2020-06-25,518560,0.68,3,10.2,0.010720510375217929,2020.4794520547946
85,127747637.0,302.0066,306.16,300.05,306.39,299.42,2020-06-26,668898,0.64,3,10.2,-0.02375142345859771,2020.482191780822
86,79974424.0,302.4275,301.41,304.46,304.61,298.93,2020-06-29,430060,0.64,3,10.2,0.014697550408265148,2020.490410958904
87,113641644.0,307.455,303.99,308.36,310.2,303.82,2020-06-30,523385,0.66,3,10.2,0.012809564474808077,2020.4931506849316
88,72569791.0,310.4843,309.57,310.52,311.89,309.07,2020-07-01,418492,0.69,3.1,10.2,0.007004799584900745,2020.495890410959
89,72569791.0,310.4843,309.57,310.52,311.89,309.07,2020-07-01,418492,0.69,3.1,8.4,0.0,2020.495890410959
90,72569791.0,310.4843,309.57,310.52,311.89,309.07,2020-07-01,418492,0.69,3,10.2,0.0,2020.495890410959
91,72569791.0,310.4843,309.57,310.52,311.89,309.07,2020-07-01,418492,0.69,3,8.4,0.0,2020.495890410959
92,69581173.0,313.3188,314.24,312.23,315.7,311.51,2020-07-02,433529,0.68,3.1,8.4,0.005506891665593372,2020.4986301369863
93,61702399.0,316.1668,316.37,317.05,317.68,315.56,2020-07-06,331249,0.69,3.1,8.4,0.01543733785991086,2020.509589041096
94,83026624.0,315.4362,315.38,313.78,317.52,313.37,2020-07-07,398766,0.65,3.1,8.4,-0.010313830626084375,2020.5123287671233
95,54804874.0,314.8918,314.61,316.18,316.3,312.7,2020-07-08,325898,0.67,3.1,8.4,0.007648671043406274,2020.5150684931507
96,83568794.0,313.9667,316.84,314.38,317.1,310.68,2020-07-09,471319,0.62,3.1,8.4,-0.005692959706496303,2020.517808219178
97,57727227.0,315.7986,314.31,317.59,317.88,312.76,2020-07-10,320871,0.65,3.1,8.4,0.01021057319167884,2020.5205479452054
98,103264881.0,318.5477,320.13,314.84,322.71,314.13,2020-07-13,527355,0.64,3.1,8.4,-0.008658962813690607,2020.5287671232877
99,93767412.0,316.2371,313.3,318.92,319.76,312.0,2020-07-14,580270,0.63,3.1,8.4,0.012958963282937441,2020.531506849315
100,87602121.0,321.3885,322.41,321.85,323.04,319.265,2020-07-15,501288,0.64,3.1,8.4,0.009187256992349235,2020.5342465753424
101,54819339.0,320.1559,319.79,320.79,321.28,319.09,2020-07-16,356446,0.62,3.1,8.4,-0.003293459686189215,2020.5369863013698
102,62891185.0,321.5367,321.88,321.72,322.57,319.735,2020-07-17,324199,0.64,3.1,8.4,0.0028990928644907488,2020.5397260273974
103,56484683.0,323.1506,321.43,324.32,325.13,320.62,2020-07-20,302421,0.62,3.1,8.4,0.00808156160636564,2020.5479452054794
104,57691215.0,325.6259,326.45,325.01,326.93,323.94,2020-07-21,337835,0.61,3.1,8.4,0.002127528367044995,2020.5506849315068
105,57917101.0,325.8703,324.62,326.86,327.2,324.5,2020-07-22,313091,0.60,3.1,8.4,0.005692132549767859,2020.5534246575342
106,75841843.0,324.3429,326.47,322.96,327.23,321.48,2020-07-23,442129,0.59,3.1,8.4,-0.011931713883620021,2020.5561643835617
107,72946759.0,320.9104,320.95,320.88,321.99,319.246,2020-07-24,423193,0.59,3.1,8.4,-0.006440426058954674,2020.558904109589
108,48212747.0,322.3792,321.63,323.22,323.41,320.775,2020-07-27,260952,0.62,3.1,8.4,0.007292445774121248,2020.5671232876712
109,56620376.0,322.4375,322.43,321.17,323.64,320.85,2020-07-28,288275,0.59,3.1,8.4,-0.006342429305117303,2020.5698630136985
110,48578172.0,323.9327,322.12,325.12,325.73,322.075,2020-07-29,275883,0.58,3.1,8.4,0.012298782576205758,2020.572602739726
111,61400077.0,322.8354,321.9,323.96,324.41,319.64,2020-07-30,397283,0.55,3.1,8.4,-0.0035679133858268486,2020.5753424657535
112,84631971.0,324.5072,325.9,326.52,326.63,321.33,2020-07-31,448877,0.55,3.1,8.4,0.007902210149401068,2020.5780821917808
113,52878837.0,328.6556,328.32,328.79,329.62,327.73,2020-08-03,288000,0.56,2.6,7.9,0.006952100943280692,2020.5835616438355
114,42035020.0,329.0531,327.86,330.06,330.06,327.86,2020-08-04,250894,0.52,2.6,7.9,0.003862647890750859,2020.5863013698631
115,43050953.0,331.7901,331.47,332.11,332.39,331.18,2020-08-05,241416,0.55,2.6,7.9,0.006210991940859278,2020.5890410958905
116,43527444.0,332.9302,331.4799,334.33,334.46,331.13,2020-08-06,290035,0.55,2.6,7.9,0.006684532233296014,2020.5917808219178
117,57413935.0,333.7992,333.28,334.57,334.88,332.3,2020-08-07,350101,0.57,2.6,7.9,0.0007178536176830619,2020.5945205479452
118,44333776.0,334.9827,335.06,335.57,335.77,332.955,2020-08-10,284606,0.59,2.6,7.9,0.0029889111396719237,2020.6027397260275
119,69754397.0,335.2158,336.85,332.8,337.54,332.01,2020-08-11,385853,0.64,2.6,7.9,-0.008254611556456126,2020.6054794520549
120,53570574.0,336.7267,335.44,337.44,338.28,335.43,2020-08-12,312587,0.69,2.6,7.9,0.013942307692307754,2020.6082191780822
121,41853055.0,337.2067,336.61,336.83,338.2514,335.83,2020-08-13,278289,0.71,2.6,7.9,-0.0018077287814129983,2020.6109589041096
122,47275032.0,336.6657,336.41,336.84,337.42,335.62,2020-08-14,249668,0.71,2.6,7.9,2.9688566932861704e-05,2020.613698630137
123,35092877.0,337.8453,337.94,337.91,338.34,337.48,2020-08-17,195638,0.69,2.6,7.9,0.003176582353639823,2020.6219178082192
124,38627631.0,338.3195,338.34,338.64,339.1,336.61,2020-08-18,213169,0.67,2.6,7.9,0.0021603385516852924,2020.6246575342466
125,68215296.0,338.2099,339.05,337.23,339.61,336.62,2020-08-19,321017,0.68,2.6,7.9,-0.004163713678242309,2020.627397260274
126,42408654.0,337.4729,335.36,338.28,338.8,335.22,2020-08-20,271506,0.65,2.6,7.9,0.0031136019927051617,2020.6301369863013
127,55253282.0,338.7707,337.92,339.48,339.72,337.55,2020-08-21,270819,0.64,2.6,7.9,0.003547357218872005,2020.6328767123289
128,48780467.0,341.9365,342.12,342.92,343.0,341.06,2020-08-24,278777,0.65,2.6,7.9,0.01013314480970906,2020.641095890411
129,38644012.0,343.3945,343.53,344.12,344.21,342.27,2020-08-25,239945,0.69,2.6,7.9,0.003499358450950618,2020.6438356164383
130,50899056.0,346.4303,344.76,347.57,347.86,344.17,2020-08-26,305727,0.69,2.6,7.9,0.010025572474718025,2020.6465753424657
131,58207591.0,348.581,348.51,348.33,349.9,346.53,2020-08-27,356883,0.74,2.6,7.9,0.0021866098915326315,2020.6493150684933
132,46897358.0,349.5074,349.44,350.58,350.72,348.15,2020-08-28,272107,0.74,2.6,7.9,0.006459391955903948,2020.6520547945206
133,66243333.0,350.2569,350.35,349.31,351.3,349.06,2020-08-31,322310,0.72,2.6,7.9,-0.003622568315363006,2020.6602739726027
134,55135897.0,351.0848,350.21,352.6,352.71,349.24,2020-09-01,295184,0.68,2.6,7.9,0.009418568034124553,2020.6602739726027
135,55135897.0,351.0848,350.21,352.6,352.71,349.24,2020-09-01,295184,0.68,2.6,6.9,0.0,2020.6602739726027
136,55135897.0,351.0848,350.21,352.6,352.71,349.24,2020-09-01,295184,0.68,2.6,7.9,0.0,2020.6602739726027
137,55135897.0,351.0848,350.21,352.6,352.71,349.24,2020-09-01,295184,0.68,2.6,6.9,0.0,2020.6602739726027
138,68758070.0,355.9977,354.67,357.7,358.75,353.43,2020-09-02,419226,0.66,2.6,6.9,0.014463981849120788,2020.66301369863
139,148134474.0,348.201,355.87,345.39,356.38,342.59,2020-09-03,867631,0.63,2.6,6.9,-0.03441431367067371,2020.6657534246576
140,139538064.0,341.7648,346.13,342.57,347.83,334.87,2020-09-04,795603,0.72,2.6,6.9,-0.00816468340137233,2020.668493150685
141,114050451.0,335.9429,336.71,333.21,342.64,332.88,2020-09-08,633244,0.69,2.6,6.9,-0.02732288291444085,2020.6794520547944
142,90617927.0,339.3129,337.55,339.79,342.46,336.61,2020-09-09,484182,0.71,2.6,6.9,0.019747306503406392,2020.682191780822
143,90738327.0,337.3849,341.82,333.89,342.53,332.85,2020-09-10,532854,0.68,2.6,6.9,-0.01736366579357851,2020.6849315068494
144,84816970.0,334.1812,335.82,334.06,336.97,331.0,2020-09-11,510131,0.67,2.6,6.9,0.0005091497199676276,2020.6876712328767
145,65104879.0,338.425,337.49,338.46,340.38,336.93,2020-09-14,350028,0.68,2.6,6.9,0.013171286595222265,2020.695890410959
146,52355231.0,340.6847,341.12,340.17,342.02,339.02,2020-09-15,295486,0.68,2.6,6.9,0.005052295692253184,2020.6986301369864
147,82068163.0,340.5957,341.51,338.82,343.06,338.52,2020-09-16,394865,0.69,2.6,6.9,-0.003968603933327541,2020.7013698630137
148,91738710.0,335.4293,333.56,335.84,337.6996,332.991,2020-09-17,495503,0.69,2.6,6.9,-0.008795230505873386,2020.704109589041
149,106074745.0,332.0557,335.37,330.65,335.49,327.97,2020-09-18,499078,0.70,2.6,6.9,-0.015453787517865636,2020.7068493150684
150,99426745.0,324.5935,325.7,326.97,327.13,321.73,2020-09-21,618663,0.68,2.6,6.9,-0.011129593225464807,2020.7150684931507
151,63772743.0,328.5876,328.57,330.3,330.9,325.86,2020-09-22,364647,0.68,2.6,6.9,0.010184420589044896,2020.717808219178
152,92774530.0,325.8847,330.9,322.64,331.2,322.1,2020-09-23,464348,0.68,2.6,6.9,-0.02319103844989412,2020.7205479452055
153,76811301.0,323.3855,321.22,323.5,326.797,319.8,2020-09-24,510360,0.67,2.6,6.9,0.0026655095462435607,2020.7232876712328
154,71197640.0,326.1695,322.58,328.73,329.58,321.64,2020-09-25,414135,0.66,2.6,6.9,0.01616692426584243,2020.7260273972602
155,64606703.0,333.4203,333.22,334.19,334.96,332.15,2020-09-28,326431,0.67,2.6,6.9,0.016609375475314048,2020.7342465753425
156,51672107.0,333.0532,333.97,332.37,334.77,331.6209,2020-09-29,307039,0.66,2.6,6.9,-0.005446003770310237,2020.7369863013698
157,103984655.0,335.2324,333.09,334.89,338.29,332.88,2020-09-30,482213,0.69,2.6,6.9,0.00758191172488476,2020.7397260273972
158,88920514.0,336.466,337.69,337.04,338.74,335.01,2020-10-01,442961,0.68,2.8,6.9,0.006420018513541903,2020.7424657534248
159,88920514.0,336.466,337.69,337.04,338.74,335.01,2020-10-01,442961,0.68,2.8,6.7,0.0,2020.7424657534248
160,88920514.0,336.466,337.69,337.04,338.74,335.01,2020-10-01,442961,0.68,2.6,6.9,0.0,2020.7424657534248
161,88920514.0,336.466,337.69,337.04,338.74,335.01,2020-10-01,442961,0.68,2.6,6.7,0.0,2020.7424657534248
162,89599433.0,334.3858,331.7,333.84,337.0126,331.19,2020-10-02,549062,0.70,2.8,6.7,-0.00949442202705919,2020.7452054794521
163,45887754.0,338.3194,336.06,339.76,339.96,336.01,2020-10-05,307936,0.78,2.8,6.7,0.017733045770429,2020.7534246575342
164,89976445.0,337.7334,339.91,334.93,342.17,334.38,2020-10-06,569840,0.76,2.8,6.7,-0.014215917117965549,2020.7561643835616
165,57169467.0,340.0076,338.12,340.76,341.63,338.09,2020-10-07,319317,0.81,2.8,6.7,0.017406622279282136,2020.7589041095891
166,45411768.0,343.1949,342.85,343.78,343.85,341.86,2020-10-08,290069,0.78,2.8,6.7,0.008862542551942632,2020.7616438356165
167,59728963.0,346.1058,345.56,346.85,347.35,344.89,2020-10-09,328627,0.79,2.8,6.7,0.00893012973413243,2020.7643835616439
169,73116080.0,351.2438,352.28,350.13,352.4651,349.09,2020-10-13,364272,0.74,2.8,6.7,-0.006526118661861924,2020.7753424657535
170,57902810.0,348.9124,350.75,347.93,351.93,347.14,2020-10-14,356599,0.73,2.8,6.7,-0.006283380458686705,2020.7780821917809
171,60516632.0,346.0743,343.71,347.5,348.02,343.13,2020-10-15,377757,0.74,2.8,6.7,-0.0012358807806167604,2020.7808219178082
172,89764929.0,348.4023,348.96,347.29,350.75,347.1,2020-10-16,334653,0.76,2.8,6.7,-0.0006043165467625178,2020.7835616438356
173,68654735.0,344.4005,348.65,342.01,349.33,341.04,2020-10-19,425702,0.78,2.8,6.7,-0.015203432290017083,2020.7917808219179
174,60198355.0,344.3025,343.46,343.38,346.88,342.64,2020-10-20,418136,0.81,2.8,6.7,0.004005730826583953,2020.7945205479452
175,63701022.0,343.6668,343.33,342.73,348.6847,342.4,2020-10-21,410237,0.83,2.8,6.7,-0.0018929465897838949,2020.7972602739726
176,55553305.0,343.4078,342.96,344.61,345.24,340.65,2020-10-22,374621,0.87,2.8,6.7,0.0054853674904442595,2020.8
177,49285125.0,344.8922,345.93,345.78,345.99,343.13,2020-10-23,312011,0.85,2.8,6.7,0.003395142334813084,2020.8027397260273
178,91438344.0,339.4237,342.13,339.39,342.98,335.62,2020-10-26,554486,0.81,2.8,6.7,-0.018479958355023363,2020.8109589041096
179,65978662.0,338.9144,339.76,338.22,340.12,337.99,2020-10-27,404986,0.79,2.8,6.7,-0.0034473614425880594,2020.813698630137
180,127353813.0,329.4803,332.1,326.66,338.2483,326.13,2020-10-28,770547,0.79,2.8,6.7,-0.034178936786706915,2020.8164383561643
181,90534802.0,329.5661,326.91,329.98,333.395,325.09,2020-10-29,552663,0.85,2.8,6.7,0.010163472723933031,2020.8191780821917
182,120282921.0,325.7258,328.28,326.54,329.69,322.6,2020-10-30,730745,0.88,2.8,6.7,-0.010424874234802095,2020.8219178082193
183,86115746.0,329.6057,330.2,330.2,332.36,327.24,2020-11-02,582406,0.87,2.5,6.7,0.011208427757701811,2020.827397260274
184,93227788.0,335.9885,333.69,336.03,338.25,333.17,2020-11-03,552776,0.90,2.5,6.7,0.01765596608116282,2020.8301369863013
185,127045985.0,343.6261,340.86,343.54,347.94,339.59,2020-11-04,781463,0.78,2.5,6.7,0.02234919501235022,2020.8328767123287
186,82419383.0,350.0009,349.24,350.24,352.19,348.86,2020-11-05,553429,0.79,2.5,6.7,0.019502823543109837,2020.835616438356
187,75149967.0,350.0428,349.93,350.16,351.51,347.65,2020-11-06,442281,0.83,2.5,6.7,-0.00022841480127910874,2020.8383561643836
188,173058434.0,358.0624,363.97,354.56,364.38,354.06,2020-11-09,926027,0.96,2.5,6.7,0.012565684258624588,2020.8465753424657
189,85264498.0,353.6521,353.49,354.04,355.18,350.51,2020-11-10,515126,0.98,2.5,6.7,-0.0014666064981948557,2020.849315068493
191,68151641.0,353.6193,355.58,353.21,356.7182,351.26,2020-11-12,419303,0.88,2.5,6.7,-0.009700843917346713,2020.854794520548
192,62872273.0,356.8703,355.27,358.1,358.9,354.71,2020-11-13,347058,0.89,2.5,6.7,0.013844455140001877,2020.8575342465754
193,74730921.0,361.0941,360.98,362.57,362.78,359.59,2020-11-16,396583,0.91,2.5,6.7,0.012482546774643888,2020.8657534246574
194,66151279.0,360.5322,359.97,360.62,361.92,358.34,2020-11-17,350730,0.87,2.5,6.7,-0.0053782717820006765,2020.868493150685
195,70749822.0,359.0703,360.91,356.28,361.5,356.24,2020-11-18,361154,0.88,2.5,6.7,-0.012034828905773454,2020.8712328767124
196,60224552.0,356.4749,355.6,357.78,358.18,354.15,2020-11-19,312727,0.86,2.5,6.7,0.004210171775008487,2020.8739726027397
197,70365000.0,356.4758,357.5,355.33,357.72,355.25,2020-11-20,301935,0.83,2.5,6.7,-0.006847783554139397,2020.876712328767
198,62835493.0,356.9054,357.28,357.46,358.82,354.865,2020-11-23,308195,0.86,2.5,6.7,0.0059944277150818515,2020.8849315068494
199,62621630.0,362.0528,360.21,363.22,363.81,359.29,2020-11-24,341551,0.88,2.5,6.7,0.016113691042354494,2020.8876712328768
200,43657514.0,362.5124,363.13,362.66,363.16,361.48,2020-11-25,250057,0.88,2.5,6.7,-0.0015417653212929094,2020.890410958904
201,28479072.0,363.5943,363.84,363.67,364.18,362.58,2020-11-27,148367,0.84,2.5,6.7,0.002784977665030608,2020.8958904109588
202,83588299.0,361.7081,362.83,362.06,363.12,359.17,2020-11-30,389734,0.84,2.5,6.7,-0.004427090494129371,2020.9041095890411
203,73961896.0,365.9547,365.57,366.02,367.68,364.93,2020-12-01,378048,0.92,3,6.7,0.010937413688338893,2020.9068493150685
204,73961896.0,365.9547,365.57,366.02,367.68,364.93,2020-12-01,378048,0.92,3,6.4,0.0,2020.9068493150685
205,73961896.0,365.9547,365.57,366.02,367.68,364.93,2020-12-01,378048,0.92,2.5,6.7,0.0,2020.9068493150685
206,73961896.0,365.9547,365.57,366.02,367.68,364.93,2020-12-01,378048,0.92,2.5,6.4,0.0,2020.9068493150685
207,45853208.0,366.0432,364.82,366.79,366.96,364.2,2020-12-02,275076,0.95,3,6.4,0.002103710179771623,2020.9095890410958
208,62307982.0,366.904,366.68,366.69,368.19,365.5,2020-12-03,327422,0.92,3,6.4,-0.0002726355680362502,2020.9123287671232
209,50407740.0,368.8001,367.32,369.85,369.85,367.22,2020-12-04,253903,0.97,3,6.4,0.008617633423327664,2020.9150684931508
210,49136033.0,368.9234,369.02,369.09,369.62,367.72,2020-12-07,266704,0.94,3,6.4,-0.0020548871163986737,2020.9232876712329
211,42268139.0,369.5275,367.72,370.17,370.78,367.67,2020-12-08,226743,0.92,3,6.4,0.002926115581565636,2020.9260273972602
212,74057133.0,368.1387,370.88,366.85,371.05,365.95,2020-12-09,396721,0.95,3,6.4,-0.008968852149012552,2020.9287671232876
213,57922988.0,366.763,365.37,366.73,367.86,364.43,2020-12-10,308043,0.92,3,6.4,-0.0003271091726864128,2020.9315068493152
214,57626449.0,365.4586,364.9,366.3,366.7402,363.26,2020-12-11,306997,0.90,3,6.4,-0.0011725247457257115,2020.9342465753425
215,69194228.0,366.6098,368.64,364.66,369.8,364.47,2020-12-14,353009,0.90,3,6.4,-0.004477204477204455,2020.9424657534246
216,64214191.0,367.8386,367.4,369.59,369.59,365.92,2020-12-15,285593,0.92,3,6.4,0.013519442768606282,2020.945205479452
217,58569131.0,369.9409,369.82,370.17,371.16,368.8676,2020-12-16,289564,0.92,3,6.4,0.0015693065288564512,2020.9479452054795
218,64330700.0,371.5896,371.94,372.24,372.46,371.05,2020-12-17,264947,0.94,3,6.4,0.0055920252856795916,2020.9506849315069
219,136296347.0,369.4564,370.97,369.18,371.15,367.02,2020-12-18,476978,0.95,3,6.4,-0.00822050290135401,2020.9534246575342
220,96516504.0,366.3107,364.97,367.86,378.46,362.03,2020-12-21,534195,0.95,3,6.4,-0.0035754916300990702,2020.9616438356165
221,48545847.0,367.4513,368.21,367.24,368.3317,366.03,2020-12-22,293480,0.93,3,6.4,-0.0016854238025335588,2020.964383561644
222,46266987.0,368.373,368.28,367.57,369.62,367.39,2020-12-23,257917,0.96,3,6.4,0.0008985949243001112,2020.9671232876713
223,26553165.0,368.3923,368.08,369.0,369.03,367.45,2020-12-24,134316,0.94,3,6.4,0.003890415431074379,2020.9698630136986
224,39196359.0,371.7342,371.74,372.17,372.59,371.07,2020-12-28,217155,0.94,3,6.4,0.008590785907859111,2020.9808219178083
225,53922979.0,371.9064,373.81,371.46,374.0,370.83,2020-12-29,281873,0.94,3,6.4,-0.0019077303382863953,2020.9835616438356
226,47453783.0,372.0897,372.34,371.99,373.1,371.57,2020-12-30,217865,0.93,3,6.4,0.0014268023474937053,2020.986301369863
227,78412991.0,373.1967,371.78,373.88,374.66,371.232,2020-12-31,301439,0.93,3,6.4,0.005080781741444662,2020.9890410958903
228,110478457.0,369.352,375.31,368.79,375.45,364.82,2021-01-04,623063,0.93,3.3,6.2,-0.013613993794800439,2021.0109589041097
229,66580764.0,370.3831,368.1,371.33,372.5,368.05,2021-01-05,338927,0.96,3.3,6.2,0.006887388486672474,2021.013698630137
230,108201038.0,373.7995,369.71,373.55,376.98,369.12,2021-01-06,575345,1.04,3.3,6.2,0.005978509681415556,2021.0164383561644
231,66841612.0,378.2337,376.1,379.1,379.9,375.91,2021-01-07,366621,1.08,3.3,6.2,0.014857448802034545,2021.0191780821917
232,71623236.0,380.1117,380.59,381.26,381.49,377.1,2021-01-08,391942,1.13,3.3,6.2,0.005697705091004979,2021.021917808219
233,51151848.0,379.1381,377.85,378.69,380.58,377.7189,2021-01-11,331772,1.15,3.3,6.2,-0.0067408067985101905,2021.0301369863014
234,52692394.0,378.6651,378.89,378.77,379.86,376.36,2021-01-12,319575,1.15,3.3,6.2,0.00021125458818560539,2021.0328767123287
235,45408266.0,379.6581,378.69,379.79,380.86,377.85,2021-01-13,285328,1.10,3.3,6.2,0.0026929271061595372,2021.035616438356
236,49908476.0,379.6721,380.59,378.46,381.13,378.1,2021-01-14,277221,1.15,3.3,6.2,-0.003501935280023294,2021.0383561643835
237,106102383.0,376.1028,376.72,375.7,377.58,373.7,2021-01-15,427120,1.11,3.3,6.2,-0.007292712572002258,2021.041095890411
238,51328803.0,378.0918,378.34,378.65,379.23,376.75,2021-01-19,295711,1.10,3.3,6.2,0.007852009582113295,2021.0520547945205
239,61211499.0,382.5785,381.11,383.89,384.79,380.69,2021-01-20,295869,1.10,3.3,6.2,0.01383863726396406,2021.054794520548
240,47887079.0,384.2358,384.49,384.24,384.95,383.25,2021-01-21,248076,1.12,3.3,6.2,0.000911719502982633,2021.0575342465754
241,52322581.0,383.1974,382.25,382.88,384.1256,381.835,2021-01-22,251682,1.10,3.3,6.2,-0.0035394545075994044,2021.0602739726028
242,70594392.0,382.7642,383.67,384.39,384.77,378.46,2021-01-25,445945,1.05,3.3,6.2,0.003943794400334211,2021.0684931506848
243,41457243.0,384.4052,385.41,383.79,385.85,383.54,2021-01-26,272405,1.05,3.3,6.2,-0.001560914696011828,2021.0712328767124
244,123465353.0,376.5794,380.22,374.41,380.32,372.01,2021-01-27,712256,1.04,3.3,6.2,-0.0244404492039918,2021.0739726027398
245,94387034.0,378.4114,376.36,377.63,381.93,375.89,2021-01-28,509965,1.07,3.3,6.2,0.008600197644293539,2021.0767123287671
246,126537171.0,372.2035,375.63,370.07,376.67,368.27,2021-01-29,730086,1.11,3.3,6.2,-0.02001959590074942,2021.0794520547945
247,76204131.0,374.487,373.72,376.23,377.34,371.42,2021-02-01,414900,1.09,3.1,6.0,0.01664549950009464,2021.0849315068492
248,76204131.0,374.487,373.72,376.23,377.34,371.42,2021-02-01,414900,1.09,3.1,6.2,0.0,2021.0849315068492
249,76204131.0,374.487,373.72,376.23,377.34,371.42,2021-02-01,414900,1.09,3.3,6.0,0.0,2021.0849315068492
250,76204131.0,374.487,373.72,376.23,377.34,371.42,2021-02-01,414900,1.09,3.3,6.2,0.0,2021.0849315068492
251,64708569.0,381.4685,379.65,381.55,383.22,379.6,2021-02-02,343861,1.12,3.1,6.0,0.014140286526858503,2021.0876712328768
252,52656585.0,382.333,382.435,381.85,383.7,380.48,2021-02-03,291488,1.15,3.1,6.0,0.0007862665443585382,2021.0904109589042
253,46732539.0,384.5356,382.96,386.19,386.24,382.78,2021-02-04,266908,1.15,3.1,6.0,0.011365719523372952,2021.0931506849315
254,48863539.0,387.4232,388.2,387.71,388.47,386.485,2021-02-05,253236,1.19,3.1,6.0,0.003935886480747719,2021.0958904109589
255,38535608.0,389.299,389.27,390.51,390.56,388.35,2021-02-08,240713,1.19,3.1,6.0,0.007221892651724238,2021.1041095890412
256,35775029.0,390.288,389.61,390.25,390.89,389.17,2021-02-09,235682,1.18,3.1,6.0,-0.000665796010345443,2021.1068493150685
257,59170131.0,389.9511,392.12,390.08,392.28,387.5,2021-02-10,352176,1.15,3.1,6.0,-0.0004356181934657144,2021.109589041096
258,43070000.0,390.1722,391.24,390.71,391.69,388.1,2021-02-11,272446,1.16,3.1,6.0,0.00161505332239531,2021.1123287671232
259,50749624.0,391.598,389.85,392.64,392.9,389.77,2021-02-12,252471,1.20,3.1,6.0,0.004939725115814753,2021.1150684931506
260,51250583.0,392.8844,393.96,392.3,394.17,391.53,2021-02-16,321225,1.30,3.1,6.0,-0.0008659331703341211,2021.1260273972603
261,53065043.0,391.3754,390.42,392.39,392.66,389.33,2021-02-17,315322,1.29,3.1,6.0,0.00022941626306383078,2021.1287671232876
262,59927621.0,390.1047,389.59,390.72,391.515,387.74,2021-02-18,329956,1.29,3.1,6.0,-0.004255969825938344,2021.131506849315
263,82264583.0,390.7587,392.07,390.03,392.38,389.55,2021-02-19,324229,1.34,3.1,6.0,-0.0017659705159706052,2021.1342465753426
264,67525246.0,387.9619,387.06,387.03,389.62,386.74,2021-02-22,339348,1.37,3.1,6.0,-0.007691716021844486,2021.1424657534246
265,107317266.0,385.139,384.66,387.5,388.945,380.2,2021-02-23,633288,1.37,3.1,6.0,0.0012143761465519542,2021.145205479452
266,72389150.0,389.4661,386.33,391.77,392.23,385.27,2021-02-24,459121,1.38,3.1,6.0,0.011019354838709638,2021.1479452054793
267,146861885.0,385.8698,390.41,382.33,391.88,380.7789,2021-02-25,1093783,1.54,3.1,6.0,-0.02409577047757616,2021.150684931507
268,152919040.0,382.2421,384.35,380.36,385.58,378.23,2021-02-26,1019385,1.44,3.1,6.0,-0.005152616849318559,2021.1534246575343
269,105213631.0,388.222,385.59,389.58,390.92,385.54,2021-03-01,570888,1.45,3.4,6.0,0.024240193500893792,2021.1671232876713
270,105213631.0,388.222,385.59,389.58,390.92,385.54,2021-03-01,570888,1.45,3.4,6.0,0.0,2021.1671232876713
271,105213631.0,388.222,385.59,389.58,390.92,385.54,2021-03-01,570888,1.45,3.1,6.0,0.0,2021.1671232876713
272,105213631.0,388.222,385.59,389.58,390.92,385.54,2021-03-01,570888,1.45,3.1,6.0,0.0,2021.1671232876713
273,79275461.0,388.2773,389.82,386.54,390.07,386.0,2021-03-02,513110,1.42,3.4,6.0,-0.007803275322141756,2021.1698630136987
274,119374393.0,384.0218,385.79,381.42,386.83,381.31,2021-03-03,807407,1.47,3.4,6.0,-0.01324571842500133,2021.172602739726
275,183594701.0,378.286,381.22,376.7,384.0,371.88,2021-03-04,1338749,1.54,3.4,6.0,-0.012374809920822294,2021.1753424657534
276,152047537.0,379.1479,380.46,383.63,384.76,372.64,2021-03-05,1163089,1.56,3.4,6.0,0.01839660207061322,2021.1780821917807
277,122590782.0,384.6991,384.66,381.72,387.68,381.42,2021-03-08,893817,1.59,3.4,6.0,-0.004978755571774851,2021.186301369863
278,113448927.0,387.287,385.85,387.17,389.91,385.31,2021-03-09,623523,1.55,3.4,6.0,0.014277480876034865,2021.1890410958904
279,110153696.0,389.6238,389.69,389.58,391.4,388.1702,2021-03-10,743867,1.53,3.4,6.0,0.006224655835937565,2021.1917808219177
280,86413504.0,393.216,392.23,393.53,395.65,391.74,2021-03-11,489439,1.54,3.4,6.0,0.010139124185019721,2021.194520547945
281,64774109.0,392.8978,392.07,394.06,394.21,391.2,2021-03-12,426070,1.64,3.4,6.0,0.0013467842350012305,2021.1972602739727
282,73796511.0,394.5227,394.33,396.41,396.685,392.03,2021-03-15,442252,1.62,3.4,6.0,0.005963558848906425,2021.2054794520548
283,73931454.0,396.5745,397.07,395.91,397.83,395.08,2021-03-16,452545,1.62,3.4,6.0,-0.0012613203501424808,2021.2082191780821
284,98019311.0,395.6922,394.53,397.26,398.12,393.3,2021-03-17,613419,1.63,3.4,6.0,0.0034098658786085867,2021.2109589041097
285,115499892.0,393.9945,394.475,391.48,396.72,390.75,2021-03-18,627922,1.71,3.4,6.0,-0.014549665206665563,2021.213698630137
286,113940418.0,389.834,389.88,389.48,391.569,387.15,2021-03-19,602499,1.74,3.4,6.0,-0.0051088178195565215,2021.2164383561644
287,73807542.0,391.9155,390.03,392.59,394.07,389.97,2021-03-22,380057,1.69,3.4,6.0,0.007985005648556864,2021.2246575342465
288,90822581.0,391.2144,391.91,389.5,393.46,388.66,2021-03-23,521211,1.63,3.4,6.0,-0.007870806694006416,2021.227397260274
289,97941109.0,390.114,391.0,387.52,392.75,387.47,2021-03-24,590737,1.62,3.4,6.0,-0.0050834403080873836,2021.2301369863014
290,116251957.0,387.4372,385.98,389.7,390.55,383.9,2021-03-25,730184,1.63,3.4,6.0,0.005625516102394812,2021.2328767123288
291,114564012.0,392.5261,390.93,395.98,396.41,390.29,2021-03-26,586090,1.67,3.4,6.0,0.016114960225814823,2021.2356164383561
292,108206334.0,395.1982,394.4,395.78,396.75,392.81,2021-03-29,609253,1.73,3.4,6.0,-0.000505076013940231,2021.2438356164384
293,76525361.0,394.4529,394.42,394.73,395.45,393.02,2021-03-30,435225,1.73,3.4,6.0,-0.002652989034311881,2021.2465753424658
294,112809529.0,396.3384,395.34,396.33,398.0,395.31,2021-03-31,481274,1.74,3.4,6.0,0.004053403592328753,2021.2493150684932
295,99895578.0,398.279,398.4,400.61,400.67,398.18,2021-04-01,389134,1.69,3.4,6.0,0.010799081573436453,2021.2493150684932
296,99895578.0,398.279,398.4,400.61,400.67,398.18,2021-04-01,389134,1.69,3.4,5.8,0.0,2021.2493150684932
297,99895578.0,398.279,398.4,400.61,400.67,398.18,2021-04-01,389134,1.69,4.6,6.0,0.0,2021.2493150684932
298,99895578.0,398.279,398.4,400.61,400.67,398.18,2021-04-01,389134,1.69,4.6,5.8,0.0,2021.2493150684932
299,91825660.0,404.9325,403.46,406.36,406.94,403.38,2021-04-05,448794,1.73,4.6,5.8,0.014353111504954885,2021.2602739726028
300,62239948.0,406.378,405.76,406.12,407.24,405.4,2021-04-06,332056,1.67,4.6,5.8,-0.0005906093119402156,2021.2630136986302
301,55675548.0,406.3138,405.94,406.59,406.96,405.45,2021-04-07,309291,1.68,4.6,5.8,0.0011572934108143862,2021.2657534246575
302,57794487.0,407.7764,407.93,408.52,408.58,406.93,2021-04-08,301050,1.64,4.6,5.8,0.004746796527214103,2021.268493150685
303,61267803.0,409.8054,408.39,411.49,411.67,408.26,2021-04-09,332849,1.67,4.6,5.8,0.0072701458924899764,2021.2712328767122
304,56907047.0,411.186,410.85,411.64,411.93,410.2,2021-04-12,329958,1.69,4.6,5.8,0.0003645289071423363,2021.2794520547945
305,56770624.0,412.2494,411.53,412.86,413.529,411.12,2021-04-13,328522,1.64,4.6,5.8,0.002963754737149049,2021.282191780822
306,61758661.0,412.362,412.83,411.45,413.96,410.87,2021-04-14,414582,1.64,4.6,5.8,-0.0034152012788839503,2021.2849315068493
307,60298783.0,414.7335,413.74,415.87,416.16,413.69,2021-04-15,381447,1.56,4.6,5.8,0.010742496050552885,2021.2876712328766
308,82295202.0,416.9368,417.25,417.26,417.91,415.73,2021-04-16,380965,1.59,4.6,5.8,0.003342390650924454,2021.2904109589042
309,78626254.0,415.3593,416.26,415.21,416.74,413.79,2021-04-19,455138,1.61,4.6,5.8,-0.004913003882471401,2021.2986301369863
310,81981133.0,412.6764,413.91,412.17,415.0859,410.59,2021-04-20,482875,1.58,4.6,5.8,-0.007321596300667088,2021.3013698630136
311,66940318.0,414.5684,411.51,416.07,416.29,411.36,2021-04-21,360284,1.57,4.6,5.8,0.00946211514666273,2021.304109589041
312,97638164.0,413.9405,415.89,412.27,416.78,411.13,2021-04-22,590015,1.57,4.6,5.8,-0.009133078568510089,2021.3068493150686
313,73337139.0,415.659,412.87,416.74,418.25,412.79,2021-04-23,363055,1.58,4.6,5.8,0.010842409100832118,2021.309589041096
314,52214900.0,417.5082,417.44,417.61,418.22,416.97,2021-04-26,297404,1.58,4.6,5.8,0.0020876325766665538,2021.317808219178
315,51484802.0,417.4828,417.93,417.52,418.14,416.3,2021-04-27,301338,1.63,4.6,5.8,-0.00021551208064951588,2021.3205479452056
316,51148801.0,417.7436,417.81,417.4,419.01,416.9,2021-04-28,332653,1.63,4.6,5.8,-0.00028741138149068757,2021.323287671233
317,78779400.0,418.8354,420.32,420.06,420.72,416.44,2021-04-29,452193,1.65,4.6,5.8,0.006372783900335577,2021.3260273972603
318,85741191.0,417.6486,417.63,417.3,418.54,416.34,2021-04-30,483015,1.65,4.6,5.8,-0.006570489930009971,2021.3287671232877
319,68340826.0,418.2948,419.43,418.2,419.84,417.665,2021-05-03,382841,1.63,4.2,5.9,0.0021567217828899476,2021.33698630137
320,101780093.0,414.475,416.07,415.62,416.6,411.67,2021-05-04,638481,1.61,4.2,5.9,-0.006169296987087458,2021.3397260273973
321,60257756.0,416.2568,417.38,415.75,417.63,414.94,2021-05-05,396017,1.59,4.2,5.9,0.00031278571772297425,2021.3424657534247
322,74442960.0,416.6705,415.83,419.07,419.21,413.675,2021-05-06,500692,1.58,4.2,5.9,0.007985568250150399,2021.345205479452
323,67904191.0,421.614,419.89,422.12,422.815,419.16,2021-05-07,431793,1.60,4.2,5.9,0.00727802037845704,2021.3479452054794
324,82023882.0,420.4215,422.5,417.94,422.74,417.81,2021-05-10,498569,1.63,4.2,5.9,-0.009902397422533848,2021.3561643835617
325,117104187.0,413.6393,413.1,414.21,415.27,410.06,2021-05-11,802647,1.64,4.2,5.9,-0.008924726037230268,2021.358904109589
326,134557560.0,408.3354,411.23,405.41,412.59,404.0,2021-05-12,844321,1.69,4.2,5.9,-0.021245262065135884,2021.3616438356164
327,106574824.0,410.0025,407.07,410.28,412.35,407.02,2021-05-13,722767,1.66,4.2,5.9,0.012012530524653897,2021.3643835616438
328,82431395.0,415.2963,413.21,416.58,417.49,413.18,2021-05-14,451304,1.63,4.2,5.9,0.015355367066393733,2021.3671232876711
329,65231637.0,415.0019,415.39,415.52,416.39,413.36,2021-05-17,446555,1.64,4.2,5.9,-0.0025445292620864812,2021.3753424657534
330,59988588.0,414.3152,415.8,411.94,416.06,411.77,2021-05-18,410366,1.64,4.2,5.9,-0.00861571043511744,2021.3780821917808
331,106399284.0,408.5827,406.92,410.86,411.05,405.33,2021-05-19,740853,1.68,4.2,5.9,-0.002621741030247038,2021.3808219178081
332,78120117.0,414.3526,411.8,415.28,416.625,411.67,2021-05-20,483768,1.63,4.2,5.9,0.010757922406659182,2021.3835616438357
333,76761231.0,415.943,416.87,414.94,418.2,414.45,2021-05-21,471827,1.63,4.2,5.9,-0.0008187247158543132,2021.386301369863
334,51609310.0,418.8735,417.34,419.17,420.32,417.08,2021-05-24,329683,1.61,4.2,5.9,0.010194244951077236,2021.3945205479451
335,57639401.0,418.8644,420.33,418.24,420.71,417.62,2021-05-25,382277,1.56,4.2,5.9,-0.002218670229262587,2021.3972602739725
336,43267919.0,418.8257,418.87,419.07,419.61,417.76,2021-05-26,308691,1.58,4.2,5.9,0.001984506503442951,2021.4
337,56780925.0,419.7647,420.17,419.29,420.72,419.12,2021-05-27,398523,1.61,4.2,5.9,0.0005249719617248516,2021.4027397260274
338,58178233.0,420.3828,420.97,420.04,421.25,419.79,2021-05-28,340040,1.58,4.2,5.9,0.0017887381048915518,2021.4054794520548
339,54055887.0,420.2467,422.57,419.67,422.72,419.2,2021-06-01,379475,1.62,4.7,5.9,-0.0008808684887153806,2021.4136986301369
340,54055887.0,420.2467,422.57,419.67,422.72,419.2,2021-06-01,379475,1.62,4.7,5.4,0.0,2021.4136986301369
341,54055887.0,420.2467,422.57,419.67,422.72,419.2,2021-06-01,379475,1.62,4.2,5.9,0.0,2021.4136986301369
342,54055887.0,420.2467,422.57,419.67,422.72,419.2,2021-06-01,379475,1.62,4.2,5.4,0.0,2021.4136986301369
343,49195766.0,420.1838,420.37,420.33,421.23,419.29,2021-06-02,309854,1.59,4.7,5.4,0.001572664236185517,2021.4164383561645
344,58329399.0,418.7593,417.85,418.77,419.99,416.28,2021-06-03,407471,1.63,4.7,5.4,-0.0037113696381414485,2021.4191780821918
345,55807692.0,421.672,420.75,422.6,422.92,420.68,2021-06-04,323607,1.56,4.7,5.4,0.00914583184086748,2021.4219178082192
346,51704728.0,421.9857,422.59,422.19,422.78,421.19,2021-06-07,321546,1.57,4.7,5.4,-0.000970184571699062,2021.4301369863015
347,46964278.0,422.1817,423.11,422.28,423.21,420.32,2021-06-08,322191,1.53,4.7,5.4,0.00021317416329136307,2021.4328767123288
348,48444999.0,422.3273,423.18,421.65,423.26,421.41,2021-06-09,286360,1.50,4.7,5.4,-0.0014919011082693556,2021.4356164383562
349,51049901.0,423.3297,422.96,423.61,424.63,421.55,2021-06-10,338424,1.45,4.7,5.4,0.004648405075299511,2021.4383561643835
350,43234019.0,423.7817,424.2,424.31,424.43,422.82,2021-06-11,258214,1.47,4.7,5.4,0.0016524633507235542,2021.441095890411
351,42210255.0,424.0982,424.43,425.26,425.37,423.1,2021-06-14,279892,1.51,4.7,5.4,0.002238929084867225,2021.4493150684932
352,51671109.0,424.5186,425.42,424.48,425.46,423.54,2021-06-15,301990,1.51,4.7,5.4,-0.0018341720359309477,2021.4520547945206
353,79931518.0,422.489,424.63,422.11,424.87,419.92,2021-06-16,649279,1.57,4.7,5.4,-0.005583301922352013,2021.454794520548
354,91117086.0,421.8919,421.67,421.97,423.02,419.32,2021-06-17,571245,1.52,4.7,5.4,-0.00033166710099263863,2021.4575342465753
355,118528545.0,416.803,417.09,414.92,417.8281,414.7,2021-06-18,718016,1.45,4.7,5.4,-0.01670734886366332,2021.4602739726026
356,72920873.0,419.2599,416.8,420.86,421.06,415.93,2021-06-21,453658,1.50,4.7,5.4,0.014316012725344551,2021.468493150685
357,56977011.0,422.2165,420.85,423.11,424.0,420.08,2021-06-22,351117,1.48,4.7,5.4,0.005346195884617266,2021.4712328767123
358,49240348.0,423.175,423.19,422.6,424.05,422.51,2021-06-23,291116,1.50,4.7,5.4,-0.00120536030819407,2021.4739726027397
359,45246597.0,424.8872,424.89,425.1,425.55,424.62,2021-06-24,292709,1.49,4.7,5.4,0.005915759583530633,2021.4767123287672
360,58240132.0,426.2099,425.9,426.61,427.0943,425.55,2021-06-25,330093,1.54,4.7,5.4,0.0035521053869678187,2021.4794520547946
361,53354729.0,426.8197,427.17,427.47,427.65,425.89,2021-06-28,296632,1.49,4.7,5.4,0.002015892735754088,2021.4876712328767
362,35873804.0,427.8444,427.88,427.7,428.56,427.13,2021-06-29,249144,1.49,4.7,5.4,0.00053804945376279,2021.490410958904
363,64517207.0,428.0337,427.21,428.06,428.78,427.18,2021-06-30,316131,1.45,4.7,5.4,0.0008417114800094438,2021.4931506849316
364,53657782.0,429.7116,428.87,430.43,430.6,428.8,2021-07-01,316827,1.48,4.7,5.2,0.005536607017707862,2021.495890410959
365,53657782.0,429.7116,428.87,430.43,430.6,428.8,2021-07-01,316827,1.48,4.7,5.4,0.0,2021.495890410959
366,53657782.0,429.7116,428.87,430.43,430.6,428.8,2021-07-01,316827,1.48,4.6,5.2,0.0,2021.495890410959
367,53657782.0,429.7116,428.87,430.43,430.6,428.8,2021-07-01,316827,1.48,4.6,5.4,0.0,2021.495890410959
368,57852713.0,432.8409,431.67,433.72,434.1,431.33,2021-07-02,313148,1.44,4.6,5.2,0.007643519271426369,2021.4986301369863
369,68729063.0,432.1618,433.78,432.93,434.01,430.01,2021-07-06,399106,1.37,4.6,5.2,-0.0018214516277783588,2021.509589041096
370,63714583.0,433.7315,433.66,434.46,434.76,431.51,2021-07-07,390379,1.33,4.6,5.2,0.003534058623795966,2021.5123287671233
371,97804861.0,430.1577,428.78,430.92,431.73,427.52,2021-07-08,648986,1.30,4.6,5.2,-0.008148045850020602,2021.5150684931507
372,76378977.0,434.4412,432.53,435.52,435.84,432.31,2021-07-09,394502,1.37,4.6,5.2,0.010674835236238689,2021.517808219178
373,52449266.0,436.5282,435.43,437.08,437.35,434.97,2021-07-12,345868,1.38,4.6,5.2,0.0035819250551065718,2021.5260273972603
374,52790461.0,436.3838,436.24,435.59,437.84,435.31,2021-07-13,365362,1.42,4.6,5.2,-0.0034089869131509465,2021.5287671232877
375,64286151.0,436.3153,437.4,436.24,437.92,434.91,2021-07-14,357507,1.37,4.6,5.2,0.0014922289308754166,2021.531506849315
376,55212984.0,434.4532,434.81,434.75,435.53,432.72,2021-07-15,421957,1.31,4.6,5.2,-0.0034155510728040017,2021.5342465753424
377,72752672.0,433.2107,436.01,431.34,436.06,430.92,2021-07-16,457243,1.31,4.6,5.2,-0.007843588269120239,2021.5369863013698
378,147932133.0,424.4345,426.19,424.97,431.4089,421.97,2021-07-19,1020165,1.19,4.6,5.2,-0.014767932489451407,2021.545205479452
379,99784841.0,429.6423,425.68,431.06,432.42,424.83,2021-07-20,591627,1.23,4.6,5.2,0.014330423323999364,2021.5479452054794
380,64904513.0,433.4252,432.34,434.55,434.7,431.0111,2021-07-21,346365,1.30,4.6,5.2,0.00809632069781463,2021.5506849315068
381,47963026.0,434.8862,434.74,435.46,435.72,433.69,2021-07-22,315207,1.27,4.6,5.2,0.002094120354389606,2021.5534246575342
382,63950573.0,438.521,437.52,439.94,440.3,436.79,2021-07-23,376771,1.30,4.6,5.2,0.010287971340651403,2021.5561643835617
383,43875088.0,440.195,439.31,441.02,441.03,439.26,2021-07-26,283529,1.29,4.6,5.2,0.002454880210937871,2021.5643835616438
384,67539148.0,438.2311,439.91,439.01,439.94,435.99,2021-07-27,492000,1.25,4.6,5.2,-0.0045576164346288195,2021.5671232876712
385,50894998.0,438.9868,439.68,438.83,440.3,437.31,2021-07-28,391860,1.26,4.6,5.2,-0.00041001343932944856,2021.5698630136985
386,47397842.0,440.8157,439.815,440.65,441.8,439.81,2021-07-29,303009,1.28,4.6,5.2,0.004147391928537303,2021.572602739726
387,68951202.0,438.8069,437.91,438.51,440.06,437.77,2021-07-30,427130,1.24,4.6,5.2,-0.004856462044706689,2021.5753424657535
388,58399297.0,438.9469,440.34,437.59,440.93,437.21,2021-08-02,409572,1.20,4.6,4.7,-0.002098013728307313,2021.5808219178082
389,57738850.0,439.1748,438.44,441.15,441.28,436.1,2021-08-03,412417,1.19,4.6,4.7,0.00813546927489206,2021.5835616438355
390,46706212.0,439.705,439.78,438.98,441.1243,438.73,2021-08-04,337471,1.19,4.6,4.7,-0.0049189618043747885,2021.5863013698631
391,38964559.0,440.6863,440.22,441.76,441.85,439.88,2021-08-05,259461,1.23,4.6,4.7,0.006332862544990547,2021.5890410958905
392,45812008.0,442.3052,442.1,442.49,442.94,441.8,2021-08-06,283934,1.31,4.6,4.7,0.001652480985150362,2021.5917808219178
393,41222585.0,442.2061,442.46,442.13,442.795,441.31,2021-08-09,242109,1.33,4.6,4.7,-0.0008135777079708584,2021.6
394,42975851.0,442.5943,442.61,442.68,443.44,441.88,2021-08-10,266361,1.36,4.6,4.7,0.0012439780155157898,2021.6027397260275
395,43749190.0,443.3916,443.82,443.78,443.882,442.62,2021-08-11,274051,1.35,4.6,4.7,0.002484864913707252,2021.6054794520549
396,38942418.0,444.1853,443.62,445.11,445.2572,442.66,2021-08-12,261155,1.36,4.6,4.7,0.002996980485826306,2021.6082191780822
397,39441451.0,445.5441,445.59,445.92,445.94,445.07,2021-08-13,234209,1.29,4.6,4.7,0.0018197748871064956,2021.6109589041096
398,73930864.0,445.2783,444.53,446.97,447.11,442.87,2021-08-16,407360,1.26,4.6,4.7,0.002354682454251966,2021.6191780821919
399,92651433.0,443.5632,444.24,444.04,444.96,440.85,2021-08-17,594093,1.26,4.6,4.7,-0.006555249793050999,2021.6219178082192
400,89351931.0,441.7939,442.96,439.18,444.625,438.92,2021-08-18,510458,1.27,4.6,4.7,-0.01094495991352129,2021.6246575342466
401,92689386.0,439.099,436.27,439.86,441.14,436.12,2021-08-19,682355,1.24,4.6,4.7,0.0015483400883464782,2021.627397260274
402,71819112.0,442.2624,440.23,443.36,443.71,439.71,2021-08-20,410210,1.26,4.6,4.7,0.007957077251852906,2021.6301369863013
403,54968538.0,446.7581,445.16,447.26,448.23,443.4355,2021-08-23,322046,1.25,4.6,4.7,0.008796463370624341,2021.6383561643836
404,38721714.0,447.9647,447.97,447.97,448.54,447.42,2021-08-24,251170,1.29,4.6,4.7,0.0015874435451415092,2021.641095890411
405,40529711.0,448.7852,448.17,448.91,449.457,447.77,2021-08-25,251660,1.35,4.6,4.7,0.002098354800544655,2021.6438356164383
406,57710772.0,447.238,448.61,446.26,448.86,446.16,2021-08-26,441246,1.34,4.6,4.7,-0.005903187721369663,2021.6465753424657
407,77056613.0,449.4451,447.12,450.25,450.65,447.06,2021-08-27,395689,1.31,4.6,4.7,0.008940976112580046,2021.6493150684933
408,48357355.0,452.0586,450.97,452.23,453.07,450.71,2021-08-30,297857,1.29,4.6,4.7,0.004397556912826284,2021.6575342465753
409,58987985.0,451.7938,452.13,451.56,452.49,450.92,2021-08-31,336320,1.30,4.6,4.7,-0.0014815470004201359,2021.6602739726027
410,48580378.0,452.2969,452.56,451.8,453.11,451.545,2021-09-01,334755,1.31,4.8,4.7,0.0005314908317832767,2021.6602739726027
411,48580378.0,452.2969,452.56,451.8,453.11,451.545,2021-09-01,334755,1.31,4.8,4.6,0.0,2021.6602739726027
412,48580378.0,452.2969,452.56,451.8,453.11,451.545,2021-09-01,334755,1.31,4.6,4.7,0.0,2021.6602739726027
413,48580378.0,452.2969,452.56,451.8,453.11,451.545,2021-09-01,334755,1.31,4.6,4.6,0.0,2021.6602739726027
414,40912367.0,452.9232,453.32,453.19,454.05,451.91,2021-09-02,290617,1.29,4.8,4.6,0.003076582558654284,2021.66301369863
415,47231364.0,452.9032,451.98,453.08,453.63,451.55,2021-09-03,309749,1.33,4.8,4.6,-0.00024272380237877478,2021.6657534246576
416,51921318.0,451.8342,452.71,451.46,452.81,450.7423,2021-09-07,352112,1.38,4.8,4.6,-0.0035755275006621456,2021.676712328767
417,56147907.0,450.5382,450.89,450.91,451.67,448.86,2021-09-08,414394,1.35,4.8,4.6,-0.0012182696141407323,2021.6794520547944
418,57935207.0,450.2357,450.7,448.98,452.57,448.72,2021-09-09,411806,1.30,4.8,4.6,-0.0042802333059812625,2021.682191780822
419,89465874.0,447.6791,451.04,445.44,451.49,445.31,2021-09-10,528437,1.35,4.8,4.6,-0.007884538286783371,2021.6849315068494
420,83969944.0,446.0005,448.64,446.58,448.92,444.11,2021-09-13,595851,1.33,4.8,4.6,0.002559267241379226,2021.6931506849314
421,79344873.0,444.9748,448.12,444.17,448.34,443.22,2021-09-14,513360,1.28,4.8,4.6,-0.005396569483631097,2021.695890410959
422,78937824.0,446.2478,444.62,447.88,448.41,443.44,2021-09-15,478421,1.31,4.8,4.6,0.008352657766170557,2021.6986301369864
423,77209185.0,446.5427,447.32,447.17,448.36,444.02,2021-09-16,494053,1.34,4.8,4.6,-0.0015852460480485497,2021.7013698630137
424,118047787.0,442.6771,444.92,441.4,445.37,441.02,2021-09-17,719238,1.37,4.8,4.6,-0.01290337008296627,2021.704109589041
425,165478034.0,433.6052,434.88,434.04,436.56,428.86,2021-09-20,1162776,1.31,4.8,4.6,-0.016674218396012574,2021.7123287671234
426,92357112.0,435.1409,436.53,433.63,437.91,433.07,2021-09-21,688757,1.33,4.8,4.6,-0.0009446133996867667,2021.7150684931507
427,101480143.0,437.8969,436.05,437.86,440.03,433.747,2021-09-22,775245,1.32,4.8,4.6,0.009754860134215892,2021.717808219178
428,76365981.0,442.9113,439.85,443.18,444.89,439.6,2021-09-23,560385,1.41,4.8,4.6,0.012150002283835004,2021.7205479452055
429,61994837.0,443.3184,441.44,443.91,444.67,441.21,2021-09-24,407156,1.47,4.8,4.6,0.0016471862448665942,2021.7232876712328
430,60867583.0,443.0258,442.81,442.64,444.05,441.9,2021-09-27,426386,1.48,4.8,4.6,-0.0028609402806876183,2021.731506849315
431,130350306.0,435.6609,439.69,433.72,440.04,432.94,2021-09-28,948210,1.54,4.8,4.6,-0.02015181637448027,2021.7342465753425
432,82058963.0,435.3033,435.19,434.45,437.04,433.85,2021-09-29,598061,1.55,4.8,4.6,0.0016831135294659294,2021.7369863013698
433,140598198.0,432.0754,436.02,429.14,436.77,428.78,2021-09-30,928225,1.52,4.8,4.6,-0.012222350097824797,2021.7397260273972
434,129107301.0,431.7327,430.98,434.24,436.0329,427.23,2021-10-01,852551,1.48,4.8,4.2,0.011884233583445925,2021.7424657534248
435,129107301.0,431.7327,430.98,434.24,436.0329,427.23,2021-10-01,852551,1.48,4.8,4.6,0.0,2021.7424657534248
436,129107301.0,431.7327,430.98,434.24,436.0329,427.23,2021-10-01,852551,1.48,4.9,4.2,0.0,2021.7424657534248
437,129107301.0,431.7327,430.98,434.24,436.0329,427.23,2021-10-01,852551,1.48,4.9,4.6,0.0,2021.7424657534248
438,128346956.0,429.0805,433.0,428.64,433.96,426.36,2021-10-04,940502,1.49,4.9,4.2,-0.012896094325718588,2021.7506849315068
439,90682519.0,433.1342,430.24,433.1,435.49,429.39,2021-10-05,595529,1.54,4.9,4.2,0.010405001866368169,2021.7534246575342
440,112977345.0,431.7015,429.27,434.9,435.1199,427.54,2021-10-06,828088,1.53,4.9,4.2,0.004156084045255026,2021.7561643835616
441,72335949.0,439.676,438.39,438.66,441.68,438.2,2021-10-07,524649,1.58,4.9,4.2,0.008645665670269143,2021.7589041095891
442,74665304.0,438.3975,439.48,437.86,439.89,437.19,2021-10-08,488344,1.61,4.9,4.2,-0.0018237359230384165,2021.7616438356165
444,71170063.0,434.3746,435.67,433.62,436.1,432.78,2021-10-12,492212,1.59,4.9,4.2,-0.002461524304676832,2021.772602739726
445,72761979.0,434.0766,434.71,435.18,436.05,431.54,2021-10-13,513022,1.56,4.9,4.2,0.00359762003597619,2021.7753424657535
446,67509325.0,441.0021,439.08,442.5,442.66,438.58,2021-10-14,451179,1.52,4.9,4.2,0.016820625947883583,2021.7780821917809
447,66145960.0,445.1634,444.75,445.87,446.26,444.09,2021-10-15,417630,1.59,4.9,4.2,0.007615819209039643,2021.7808219178082
448,62213228.0,446.2843,443.97,447.19,447.55,443.27,2021-10-18,390540,1.59,4.9,4.2,0.0029605041828335565,2021.7890410958903
449,46957827.0,449.8321,448.92,450.64,450.71,448.27,2021-10-19,376977,1.65,4.9,4.2,0.007714841566224706,2021.7917808219179
450,49571569.0,451.912,451.13,452.41,452.732,451.01,2021-10-20,371072,1.65,4.9,4.2,0.003927747203976706,2021.7945205479452
451,41055438.0,452.4889,451.77,453.59,453.829,451.31,2021-10-21,315667,1.68,4.9,4.2,0.002608253575296704,2021.7972602739726
452,58745088.0,453.0362,453.13,453.12,454.67,451.05,2021-10-22,494968,1.66,4.9,4.2,-0.0010361780462531112,2021.8
453,45173607.0,454.6282,454.28,455.55,455.9,452.39,2021-10-25,346367,1.64,4.9,4.2,0.005362817796610075,2021.8082191780823
454,55858916.0,456.8677,457.2,455.96,458.49,455.56,2021-10-26,459682,1.63,4.9,4.2,0.0009000109757435482,2021.8109589041096
455,72215997.0,455.217,456.45,453.94,457.16,453.86,2021-10-27,442869,1.54,4.9,4.2,-0.004430213176594422,2021.813698630137
456,51412959.0,456.8443,455.46,458.32,458.4,455.45,2021-10-28,361417,1.57,4.9,4.2,0.00964885227122525,2021.8164383561643
457,70147024.0,458.3068,455.87,459.25,459.56,455.56,2021-10-29,436007,1.55,4.9,4.2,0.0020291499389073486,2021.8191780821917
458,48433642.0,459.4617,460.3,460.04,460.7021,458.2,2021-11-01,408110,1.58,4.9,3.9,0.0017201959716930393,2021.8246575342466
459,48433642.0,459.4617,460.3,460.04,460.7021,458.2,2021-11-01,408110,1.58,4.9,4.2,0.0,2021.8246575342466
460,48433642.0,459.4617,460.3,460.04,460.7021,458.2,2021-11-01,408110,1.58,4.8,3.9,0.0,2021.8246575342466
461,48433642.0,459.4617,460.3,460.04,460.7021,458.2,2021-11-01,408110,1.58,4.8,4.2,0.0,2021.8246575342466
462,48504417.0,461.3643,460.22,461.9,462.23,460.08,2021-11-02,342315,1.56,4.8,3.9,0.0040431266846361336,2021.827397260274
463,52507426.0,463.0092,461.3,464.72,465.15,460.83,2021-11-03,427380,1.60,4.8,3.9,0.006105217579562838,2021.8301369863013
464,52842687.0,465.9631,465.36,466.91,467.0,464.99,2021-11-04,386856,1.53,4.8,3.9,0.004712515062833544,2021.8328767123287
465,66100363.0,468.8804,469.28,468.53,470.65,466.92,2021-11-05,494032,1.45,4.8,3.9,0.0034696194127346036,2021.835616438356
466,50192592.0,468.9905,469.7,468.93,470.23,468.2031,2021-11-08,354640,1.51,4.8,3.9,0.0008537340191663301,2021.8438356164384
467,51132147.0,467.3029,469.32,467.38,469.57,465.88,2021-11-09,461988,1.46,4.8,3.9,-0.003305397394067322,2021.8465753424657
468,69429644.0,464.8782,465.58,463.62,467.38,462.04,2021-11-10,556473,1.56,4.8,3.9,-0.008044845735803774,2021.849315068493
470,53466654.0,466.3091,465.12,467.27,467.86,464.11,2021-11-12,344554,1.58,4.8,3.9,0.007546844340944769,2021.854794520548
471,46967500.0,467.3737,468.64,467.43,468.81,466.23,2021-11-15,372696,1.63,4.8,3.9,0.0003424144498898052,2021.86301369863
472,48857502.0,469.0457,467.15,469.28,470.485,467.07,2021-11-16,328010,1.63,4.8,3.9,0.00395781186487798,2021.8657534246574
473,47158289.0,468.37,469.0,468.14,469.19,467.48,2021-11-17,327913,1.60,4.8,3.9,-0.002429253324241376,2021.868493150685
474,50625607.0,468.7785,469.24,469.73,470.01,466.34,2021-11-18,368768,1.59,4.8,3.9,0.003396419874396539,2021.8712328767124
475,54378573.0,469.4411,469.61,468.89,470.94,468.5,2021-11-19,355189,1.54,4.8,3.9,-0.0017882613416217996,2021.8739726027397
476,72491954.0,470.435,470.89,467.57,473.54,467.35,2021-11-22,542126,1.63,4.8,3.9,-0.0028151592057839014,2021.8821917808218
477,73206538.0,466.9913,467.22,468.19,469.095,464.45,2021-11-23,563874,1.67,4.8,3.9,0.0013260046624035127,2021.8849315068494
478,61508813.0,468.0542,466.06,469.44,469.57,465.19,2021-11-24,436744,1.64,4.8,3.9,0.002669856254939207,2021.8876712328768
479,112669635.0,461.2786,462.34,458.97,463.9,457.77,2021-11-26,785687,1.48,4.8,3.9,-0.02230316973415125,2021.8931506849315
480,86240818.0,464.0689,464.07,464.6,466.56,461.73,2021-11-29,571696,1.52,4.8,3.9,0.012266596945334163,2021.9013698630138
481,148559598.0,458.8431,462.0,455.56,464.03,455.3,2021-11-30,1145807,1.43,4.8,3.9,-0.019457597933706494,2021.9041095890411
482,132414435.0,457.4152,461.64,450.5,464.67,450.29,2021-12-01,1039069,1.43,4.9,3.9,-0.011107208710158911,2021.9068493150685
483,132414435.0,457.4152,461.64,450.5,464.67,450.29,2021-12-01,1039069,1.43,4.9,4.0,0.0,2021.9068493150685
484,132414435.0,457.4152,461.64,450.5,464.67,450.29,2021-12-01,1039069,1.43,4.8,3.9,0.0,2021.9068493150685
485,132414435.0,457.4152,461.64,450.5,464.67,450.29,2021-12-01,1039069,1.43,4.8,4.0,0.0,2021.9068493150685
486,127637758.0,455.7043,450.73,457.4,459.07,450.31,2021-12-02,1022777,1.44,4.9,4.0,0.01531631520532728,2021.9095890410958
487,137331647.0,453.0439,459.17,453.42,460.3,448.92,2021-12-03,1234209,1.35,4.9,4.0,-0.008701355487538143,2021.9123287671232
488,97477532.0,457.5764,456.13,458.79,460.79,453.56,2021-12-06,765876,1.43,4.9,4.0,0.011843324070398342,2021.9205479452055
489,95467688.0,466.813,464.41,468.28,468.88,458.6546,2021-12-07,640751,1.48,4.9,4.0,0.020684844918154255,2021.9232876712329
490,71609277.0,468.5873,468.7,469.52,470.0,466.83,2021-12-08,507901,1.52,4.9,4.0,0.002647988383018829,2021.9260273972602
491,61272568.0,467.9605,468.15,466.35,469.6291,466.14,2021-12-09,489126,1.49,4.9,4.0,-0.006751576077696275,2021.9287671232876
492,77128507.0,468.9296,469.23,470.74,470.9,466.51,2021-12-10,513526,1.48,4.9,4.0,0.009413530610056897,2021.9315068493152
493,87724680.0,468.0599,470.19,466.57,470.56,466.27,2021-12-13,615392,1.42,4.9,4.0,-0.008858393168203249,2021.9397260273972
494,97159128.0,463.1988,463.09,463.36,465.74,460.25,2021-12-14,627255,1.44,4.9,4.0,-0.006879996570718139,2021.9424657534246
495,116899251.0,465.8393,463.42,470.6,470.86,460.74,2021-12-15,882924,1.47,4.9,4.0,0.015625,2021.945205479452
496,116494626.0,468.7097,472.57,466.45,472.87,464.8,2021-12-16,820646,1.44,4.9,4.0,-0.008818529536761655,2021.9479452054795
497,135583150.0,461.5026,461.55,459.87,464.74,458.06,2021-12-17,889475,1.41,4.9,4.0,-0.01410654946939649,2021.9506849315069
498,106788817.0,454.1844,454.48,454.98,455.4,451.14,2021-12-20,807669,1.43,4.9,4.0,-0.010633439885184948,2021.958904109589
499,69806260.0,460.2953,458.61,463.06,463.21,456.31,2021-12-21,619585,1.48,4.9,4.0,0.0177590223746098,2021.9616438356165
500,58790223.0,465.801,462.79,467.69,467.81,462.58,2021-12-22,454693,1.46,4.9,4.0,0.009998704271584558,2021.964383561644
501,56139745.0,470.6108,468.75,470.6,472.19,468.64,2021-12-23,381386,1.50,4.9,4.0,0.006222070174688454,2021.9671232876713
502,56808619.0,475.279,472.06,477.26,477.31,472.01,2021-12-27,380197,1.48,4.9,4.0,0.014152146196344972,2021.978082191781
503,46974585.0,477.2276,477.72,476.87,478.81,476.06,2021-12-28,372331,1.49,4.9,4.0,-0.0008171646482001416,2021.9808219178083
504,54091464.0,477.2659,476.98,477.48,478.56,475.92,2021-12-29,345712,1.55,4.9,4.0,0.0012791746178204555,2021.9835616438356
505,55329041.0,477.4587,477.93,476.16,479.0,475.67,2021-12-30,353567,1.52,4.9,4.0,-0.002764513696908777,2021.986301369863
506,64917431.0,475.6196,475.64,474.96,476.86,474.67,2021-12-31,435448,1.52,4.9,4.0,-0.002520161290322731,2021.9890410958903
507,72668233.0,476.527,476.3,477.71,477.85,473.85,2022-01-03,535421,1.63,5,3.8,0.005789961259895504,2022.0082191780823
508,71070678.0,477.8703,479.22,477.55,479.98,475.58,2022-01-04,565655,1.66,5,3.8,-0.0003349312344308464,2022.0109589041097
509,104494940.0,473.2328,477.16,468.38,477.98,468.2801,2022-01-05,788712,1.71,5,3.8,-0.019202177782431162,2022.013698630137
510,86498500.0,468.4813,467.89,467.94,470.82,465.43,2022-01-06,806488,1.73,5,3.8,-0.0009394081728510972,2022.0164383561644
511,85111593.0,466.939,467.95,466.09,469.2,464.65,2022-01-07,625067,1.76,5,3.8,-0.003953498311749404,2022.0191780821917
512,119361988.0,461.5904,462.7,465.51,465.74,456.5973,2022-01-10,963294,1.78,5,3.8,-0.001244394859361897,2022.027397260274
513,74189562.0,466.4853,465.23,469.75,469.85,462.05,2022-01-11,626792,1.75,5,3.8,0.009108289832656657,2022.0301369863014
514,67602444.0,470.9955,471.59,471.02,473.2,468.94,2022-01-12,632057,1.74,5,3.8,0.002703565726450252,2022.0328767123287
515,91137601.0,467.9368,472.19,464.53,472.88,463.44,2022-01-13,724347,1.70,5,3.8,-0.013778608127043457,2022.035616438356
516,95890948.0,462.9488,461.19,464.72,465.09,459.9,2022-01-14,855904,1.78,5,3.8,0.0004090155641187643,2022.0383561643835
517,109851226.0,457.9682,459.74,456.49,459.96,455.31,2022-01-18,911795,1.87,5,3.8,-0.017709588569461254,2022.0493150684931
518,108347069.0,455.5262,458.13,451.75,459.6124,451.46,2022-01-19,880787,1.83,5,3.8,-0.010383579048829139,2022.0520547945205
519,122001796.0,452.3944,453.75,446.75,458.74,444.5,2022-01-20,986090,1.83,5,3.8,-0.011068068622025473,2022.054794520548
520,202025141.0,442.5437,445.56,437.98,448.06,437.95,2022-01-21,1885192,1.75,5,3.8,-0.019630665920537194,2022.0575342465754
521,252248938.0,430.7247,432.03,439.84,440.38,420.76,2022-01-24,3263011,1.75,5,3.8,0.004246769258870131,2022.0657534246575
522,167685150.0,433.6947,433.06,434.47,439.72,427.15,2022-01-25,1832295,1.78,5,3.8,-0.012208985085485513,2022.0684931506848
523,186240418.0,437.1371,440.72,433.38,444.04,428.86,2022-01-26,2620794,1.85,5,3.8,-0.0025088038299537763,2022.0712328767124
524,149846107.0,434.5969,438.26,431.24,441.59,429.45,2022-01-27,1837412,1.81,5,3.8,-0.004937929761410276,2022.0739726027398
525,164188170.0,435.3435,432.68,441.95,442.0,427.82,2022-01-28,1759648,1.78,5,3.8,0.02483535850106655,2022.0767123287671
526,152106025.0,445.9021,441.24,449.91,450.28,439.81,2022-01-31,1132217,1.79,5,3.8,0.018011087227062017,2022.0849315068492
527,123155381.0,450.7136,450.68,452.95,453.63,446.9384,2022-02-01,1094848,1.81,5,3.8,0.006756906936942864,2022.0849315068492
528,116776953.0,455.6624,455.5,457.35,458.12,453.05,2022-02-02,998599,1.78,5,3.6,0.009714096478640188,2022.0876712328768
529,118024442.0,449.827,450.95,446.6,452.97,445.71,2022-02-03,1106476,1.82,5,3.6,-0.023504974308516502,2022.0904109589042
530,118436652.0,448.3226,446.35,448.7,452.78,443.83,2022-02-04,1162845,1.93,5,3.6,0.004702194357366629,2022.0931506849315
531,84472859.0,448.6198,449.51,447.26,450.99,445.85,2022-02-07,759934,1.92,5,3.6,-0.003209271227991972,2022.1013698630136
532,80981286.0,449.0816,446.73,450.94,451.92,445.22,2022-02-08,685659,1.96,5,3.6,0.008227876402987055,2022.1041095890412
533,92495929.0,455.9303,455.22,457.54,457.88,455.005,2022-02-09,670714,1.94,5,3.6,0.014636093493591185,2022.1068493150685
534,140103712.0,452.9121,451.34,449.32,457.71,447.2,2022-02-10,1217132,2.03,5,3.6,-0.017965642348210076,2022.109589041096
535,153214597.0,444.1699,449.41,440.46,451.605,438.94,2022-02-11,1467422,1.92,5,3.6,-0.019718686014421838,2022.1123287671232
536,122934262.0,438.9049,439.92,439.02,441.6,435.34,2022-02-14,1148020,1.98,5,3.6,-0.003269309358398087,2022.1205479452055
537,88641503.0,444.6794,443.73,446.1,446.28,443.18,2022-02-15,751040,2.05,5,3.6,0.01612682793494602,2022.123287671233
538,84815085.0,444.9697,443.93,446.6,448.055,441.94,2022-02-16,784456,2.03,5,3.6,0.00112082492714638,2022.1260273972603
539,102259108.0,439.9789,443.22,437.06,446.5652,436.42,2022-02-17,850969,1.97,5,3.6,-0.021361397223466194,2022.1287671232876
540,132502896.0,435.2278,437.33,434.23,438.66,431.82,2022-02-18,1137286,1.92,5,3.6,-0.006475083512561208,2022.131506849315
541,124379870.0,430.707,431.89,429.57,435.5,425.86,2022-02-22,1213511,1.94,5,3.6,-0.010731639914331126,2022.1424657534246
542,132374005.0,425.9146,432.66,421.95,433.26,421.35,2022-02-23,1166037,1.99,5,3.6,-0.017738668901459587,2022.145205479452
543,213923446.0,419.7499,411.02,428.3,428.76,410.64,2022-02-24,2316981,1.96,5,3.6,0.015049176442706536,2022.1479452054793
544,121785659.0,434.3466,429.61,437.75,437.84,427.86,2022-02-25,1141900,1.97,5,3.6,0.022063973850104945,2022.150684931507
545,145594529.0,434.5719,432.03,436.63,438.2,430.7,2022-02-28,1305973,1.83,5,3.6,-0.002558537978298081,2022.158904109589
546,137720158.0,431.6669,435.04,429.98,437.17,427.11,2022-03-01,1422063,1.72,5,3.6,-0.015230286512607827,2022.1671232876713
