,Date,Price,CVol,Change,% Change,% Return,Total Return (Gross),Cumulative Return %,Open,High,Low,Cumulative Change %,t,time,daily return
0,03/10/20,129.07,77972200,0.0,0.0,0.0,129.07,,131.89,133.60,121.60,0.0,2020-03-10,2020.1917808219177,0.0
1,03/11/20,126.85,67067945,-2.22,-1.72,-1.72,126.85,-1.72,128.04,130.72,122.60,-1.72,2020-03-11,2020.194520547945,-1.72
2,03/12/20,112.11,94545250,-14.74,-11.62,-11.62,112.11,-13.14,116.18,118.90,109.25,-13.14,2020-03-12,2020.1972602739727,-11.62
3,03/13/20,109.32,113201250,-2.79,-2.49,-2.49,109.32,-15.3,119.00,121.51,100.40,-15.3,2020-03-13,2020.2,-2.49
4,03/16/20,89.01,102447300,-20.31,-18.58,-18.58,89.01,-31.03,93.90,98.97,88.43,-31.03,2020-03-16,2020.2082191780821,-18.58
5,03/17/20,86.04,119972900,-2.97,-3.34,-3.34,86.04,-33.34,88.00,94.37,79.20,-33.34,2020-03-17,2020.2109589041097,-3.34
6,03/18/20,72.24,118930800,-13.8,-16.03,-16.03,72.24,-44.03,77.80,80.97,70.10,-44.03,2020-03-18,2020.213698630137,-16.03
7,03/19/20,85.53,150977300,13.28,18.39,18.39,85.53,-33.73,74.94,90.40,71.69,-33.73,2020-03-19,2020.2164383561644,18.39
8,03/20/20,85.51,141427500,-0.02,-0.03,-0.03,85.51,-33.75,87.64,95.40,85.16,-33.75,2020-03-20,2020.2191780821918,-0.03
9,03/23/20,86.86,82272750,1.35,1.58,1.58,86.86,-32.7,86.72,88.40,82.10,-32.7,2020-03-23,2020.227397260274,1.58
10,03/24/20,101.00,114475850,14.14,16.28,16.28,101.00,-21.75,95.46,102.74,94.80,-21.75,2020-03-24,2020.2301369863014,16.28
11,03/25/20,107.85,106113750,6.85,6.78,6.78,107.85,-16.44,109.05,111.40,102.22,-16.44,2020-03-25,2020.2328767123288,6.78
12,03/26/20,105.63,87110400,-2.22,-2.06,-2.06,105.63,-18.16,109.48,112.00,102.45,-18.16,2020-03-26,2020.2356164383561,-2.06
13,03/27/20,102.87,71887050,-2.76,-2.61,-2.61,102.87,-20.3,101.00,105.16,98.81,-20.3,2020-03-27,2020.2383561643835,-2.61
14,03/30/20,100.43,59990348,-2.45,-2.38,-2.38,100.43,-22.19,102.05,103.33,98.25,-22.19,2020-03-30,2020.2465753424658,-2.38
15,03/31/20,104.80,88857445,4.37,4.36,4.36,104.80,-18.8,100.25,108.59,99.40,-18.8,2020-03-31,2020.2493150684932,4.36
16,04/01/20,96.31,66765900,-8.49,-8.1,-8.1,96.31,-25.38,100.80,102.79,95.02,-25.38,2020-04-01,2020.2493150684932,-8.1
17,04/02/20,90.89,99292150,-5.42,-5.63,-5.63,90.89,-29.58,96.21,98.85,89.28,-29.58,2020-04-02,2020.2520547945205,-5.63
18,04/03/20,96.00,112810400,5.11,5.62,5.62,96.00,-25.62,101.90,103.10,93.68,-25.62,2020-04-03,2020.2547945205479,5.62
19,04/06/20,103.25,74509200,7.25,7.55,7.55,103.25,-20.0,102.24,104.20,99.59,-20.0,2020-04-06,2020.2630136986302,7.55
20,04/07/20,109.09,89598900,5.84,5.66,5.66,109.09,-15.48,109.00,113.00,106.47,-15.48,2020-04-07,2020.2657534246575,5.66
21,04/08/20,109.77,63280100,0.68,0.62,0.62,109.77,-14.95,110.84,111.44,106.67,-14.95,2020-04-08,2020.268493150685,0.62
22,04/09/20,114.60,68250000,4.83,4.4,4.4,114.60,-11.21,112.42,115.04,111.42,-11.21,2020-04-09,2020.2712328767122,4.4
23,04/13/20,130.19,112377090,15.59,13.6,13.6,130.19,0.87,118.03,130.40,116.11,0.87,2020-04-13,2020.282191780822,13.6
24,04/14/20,141.98,152882550,11.79,9.05,9.05,141.98,10.0,139.79,148.38,138.49,10.0,2020-04-14,2020.2849315068493,9.05
25,04/15/20,145.97,117885000,3.99,2.81,2.81,145.97,13.09,148.40,150.63,142.00,13.09,2020-04-15,2020.2876712328766,2.81
26,04/16/20,149.04,103289300,3.08,2.11,2.11,149.04,15.48,143.39,151.89,141.34,15.48,2020-04-16,2020.2904109589042,2.11
27,04/17/20,150.78,65641150,1.74,1.16,1.16,150.78,16.82,154.46,154.99,149.53,16.82,2020-04-17,2020.2931506849316,1.16
28,04/20/20,149.27,73731850,-1.51,-1.0,-1.0,149.27,15.66,146.54,153.11,142.44,15.66,2020-04-20,2020.3013698630136,-1.0
29,04/21/20,137.34,101045445,-11.93,-7.99,-7.99,137.34,6.41,146.02,150.67,134.76,6.41,2020-04-21,2020.304109589041,-7.99
30,04/22/20,146.42,71124150,9.08,6.61,6.61,146.42,13.45,140.80,146.80,137.74,13.45,2020-04-22,2020.3068493150686,6.61
31,04/23/20,141.13,66183500,-5.3,-3.62,-3.62,141.13,9.34,145.52,146.80,140.63,9.34,2020-04-23,2020.309589041096,-3.62
32,04/24/20,145.03,66188050,3.9,2.77,2.77,145.03,12.37,142.16,146.15,139.64,12.37,2020-04-24,2020.3123287671233,2.77
33,04/27/20,159.75,103407200,14.72,10.15,10.15,159.75,23.77,147.52,159.90,147.00,23.77,2020-04-27,2020.3205479452056,10.15
34,04/28/20,153.82,76109800,-5.93,-3.71,-3.71,153.82,19.18,159.13,161.00,151.34,19.18,2020-04-28,2020.323287671233,-3.71
35,04/29/20,160.10,81079900,6.28,4.08,4.08,160.10,24.05,158.03,160.64,156.63,24.05,2020-04-29,2020.3260273972603,4.08
36,04/30/20,156.38,142359250,-3.73,-2.33,-2.33,156.38,21.16,171.04,173.96,152.70,21.16,2020-04-30,2020.3287671232877,-2.33
37,05/01/20,140.26,162659050,-16.11,-10.3,-10.3,140.26,8.68,151.00,154.55,136.61,8.68,2020-05-01,2020.331506849315,-10.3
38,05/04/20,152.24,96185445,11.97,8.54,8.54,152.24,17.95,140.20,152.40,139.60,17.95,2020-05-04,2020.3397260273973,8.54
39,05/05/20,153.64,84958300,1.4,0.92,0.92,153.64,19.04,157.96,159.78,152.44,19.04,2020-05-05,2020.3424657534247,0.92
40,05/06/20,156.52,55616150,2.87,1.87,1.87,156.52,21.27,155.30,157.96,152.22,21.27,2020-05-06,2020.345205479452,1.87
41,05/07/20,156.01,57638450,-0.51,-0.32,-0.32,156.01,20.87,155.44,159.28,154.47,20.87,2020-05-07,2020.3479452054794,-0.32
42,05/08/20,163.88,80650445,7.88,5.05,5.05,163.88,26.98,158.75,164.80,157.40,26.98,2020-05-08,2020.3506849315067,5.05
43,05/11/20,162.26,82598000,-1.63,-0.99,-0.99,162.26,25.72,158.10,164.80,157.00,25.72,2020-05-11,2020.358904109589,-0.99
44,05/12/20,161.88,79534555,-0.38,-0.23,-0.23,161.88,25.43,165.40,168.66,161.60,25.43,2020-05-12,2020.3616438356164,-0.23
45,05/13/20,158.19,95327445,-3.69,-2.28,-2.28,158.19,22.57,164.17,165.20,152.66,22.57,2020-05-13,2020.3643835616438,-2.28
46,05/14/20,160.67,68410950,2.47,1.56,1.56,160.67,24.48,156.00,160.67,152.80,24.48,2020-05-14,2020.3671232876711,1.56
47,05/15/20,159.83,52592150,-0.83,-0.52,-0.52,159.83,23.84,158.07,161.01,157.31,23.84,2020-05-15,2020.3698630136987,-0.52
48,05/18/20,162.73,58490500,2.89,1.81,1.81,162.73,26.08,165.56,166.94,160.78,26.08,2020-05-18,2020.3780821917808,1.81
49,05/19/20,161.60,48182610,-1.12,-0.69,-0.69,161.60,25.21,163.03,164.41,161.22,25.21,2020-05-19,2020.3808219178081,-0.69
50,05/20/20,163.11,36546355,1.51,0.93,0.93,163.11,26.38,164.10,165.20,162.36,26.38,2020-05-20,2020.3835616438357,0.93
51,05/21/20,165.52,61272900,2.41,1.48,1.48,165.52,28.24,163.20,166.50,159.20,28.24,2020-05-21,2020.386301369863,1.48
52,05/22/20,163.38,49937375,-2.14,-1.3,-1.3,163.38,26.58,164.43,166.36,162.40,26.58,2020-05-22,2020.3890410958904,-1.3
53,05/26/20,163.77,40448680,0.4,0.24,0.24,163.77,26.89,166.90,166.92,163.14,26.89,2020-05-26,2020.4,0.24
54,05/27/20,164.05,57747650,0.27,0.17,0.17,164.05,27.1,164.17,165.54,157.00,27.1,2020-05-27,2020.4027397260274,0.17
55,05/28/20,161.16,36378867,-2.88,-1.76,-1.76,161.16,24.87,162.70,164.95,160.34,24.87,2020-05-28,2020.4054794520548,-1.76
56,05/29/20,167.00,59062450,5.84,3.62,3.62,167.00,29.39,161.75,167.00,160.84,29.39,2020-05-29,2020.4082191780822,3.62
57,06/01/20,179.62,75426490,12.62,7.56,7.56,179.62,39.17,171.60,179.80,170.82,39.17,2020-06-01,2020.4136986301369,7.56
58,06/02/20,176.31,67828000,-3.31,-1.84,-1.84,176.31,36.61,178.94,181.73,174.20,36.61,2020-06-02,2020.4164383561645,-1.84
59,06/03/20,176.59,39747344,0.28,0.16,0.16,176.59,36.82,177.62,179.59,176.02,36.82,2020-06-03,2020.4191780821918,0.16
60,06/04/20,172.88,44438563,-3.72,-2.1,-2.1,172.88,33.94,177.98,179.15,171.69,33.94,2020-06-04,2020.4219178082192,-2.1
61,06/05/20,177.13,39059586,4.26,2.46,2.46,177.13,37.24,175.57,177.30,173.24,37.24,2020-06-05,2020.4246575342465,2.46
62,06/08/20,189.98,70873650,12.85,7.26,7.26,189.98,47.2,183.80,190.00,181.83,47.2,2020-06-08,2020.4328767123288,7.26
63,06/09/20,188.13,56940746,-1.85,-0.97,-0.97,188.13,45.77,188.00,190.89,184.79,45.77,2020-06-09,2020.4356164383562,-0.97
64,06/10/20,205.01,92817050,16.88,8.97,8.97,205.01,58.84,198.38,205.50,196.50,58.84,2020-06-10,2020.4383561643835,8.97
65,06/11/20,194.57,79582400,-10.44,-5.09,-5.09,194.57,50.75,198.04,203.79,194.40,50.75,2020-06-11,2020.441095890411,-5.09
66,06/12/20,187.06,83816850,-7.51,-3.86,-3.86,187.06,44.93,196.00,197.60,182.52,44.93,2020-06-12,2020.4438356164383,-3.86
67,06/15/20,198.18,78485900,11.12,5.95,5.95,198.18,53.55,183.56,199.77,181.70,53.55,2020-06-15,2020.4520547945206,5.95
68,06/16/20,196.43,70255400,-1.75,-0.89,-0.89,196.43,52.19,202.37,202.58,192.48,52.19,2020-06-16,2020.454794520548,-0.89
69,06/17/20,198.36,49454000,1.93,0.98,0.98,198.36,53.69,197.54,201.00,196.51,53.69,2020-06-17,2020.4575342465753,0.98
70,06/18/20,200.79,48759680,2.43,1.23,1.23,200.79,55.57,200.60,203.84,198.89,55.57,2020-06-18,2020.4602739726026,1.23
71,06/19/20,200.18,43398742,-0.61,-0.3,-0.3,200.18,55.1,202.56,203.19,198.27,55.1,2020-06-19,2020.4630136986302,-0.3
72,06/22/20,198.86,31811750,-1.32,-0.66,-0.66,198.86,54.08,199.99,201.78,198.00,54.08,2020-06-22,2020.4712328767123,-0.66
73,06/23/20,200.36,31826354,1.49,0.75,0.75,200.36,55.24,199.78,202.40,198.80,55.24,2020-06-23,2020.4739726027397,0.75
74,06/24/20,192.17,54797950,-8.19,-4.09,-4.09,192.17,48.89,198.82,200.18,190.63,48.89,2020-06-24,2020.4767123287672,-4.09
75,06/25/20,197.20,46272742,5.03,2.62,2.62,197.20,52.79,190.85,197.20,187.43,52.79,2020-06-25,2020.4794520547946,2.62
76,06/26/20,191.95,44274540,-5.25,-2.66,-2.66,191.95,48.72,198.96,199.00,190.97,48.72,2020-06-26,2020.482191780822,-2.66
77,06/29/20,201.87,45132020,9.92,5.17,5.17,201.87,56.41,193.80,202.00,189.70,56.41,2020-06-29,2020.490410958904,5.17
78,06/30/20,215.96,84592490,14.09,6.98,6.98,215.96,67.33,201.30,217.54,200.75,67.33,2020-06-30,2020.4931506849316,6.98
79,07/01/20,223.93,66634500,7.96,3.69,3.69,223.93,73.5,216.60,227.07,216.10,73.5,2020-07-01,2020.495890410959,3.69
80,07/02/20,241.73,86250600,17.81,7.95,7.95,241.73,87.29,244.30,245.60,237.12,87.29,2020-07-02,2020.4986301369863,7.95
81,07/06/20,274.32,102849300,32.58,13.48,13.48,274.32,112.54,255.34,275.56,253.21,112.54,2020-07-06,2020.509589041096,13.48
82,07/07/20,277.97,107448300,3.66,1.33,1.33,277.97,115.37,281.00,285.90,267.34,115.37,2020-07-07,2020.5123287671233,1.33
83,07/08/20,273.18,81556555,-4.8,-1.73,-1.73,273.18,111.66,281.00,283.45,262.27,111.66,2020-07-08,2020.5150684931507,-1.73
84,07/09/20,278.86,58588000,5.68,2.08,2.08,278.86,116.06,279.40,281.71,270.26,116.06,2020-07-09,2020.517808219178,2.08
85,07/10/20,308.93,116687750,30.07,10.78,10.78,308.93,139.36,279.20,309.78,275.20,139.36,2020-07-10,2020.5205479452054,10.78
86,07/13/20,299.41,194926800,-9.52,-3.08,-3.08,299.41,131.98,331.80,359.00,294.22,131.98,2020-07-13,2020.5287671232877,-3.08
87,07/14/20,303.36,117090695,3.95,1.32,1.32,303.36,135.04,311.20,318.00,286.20,135.04,2020-07-14,2020.531506849315,1.32
88,07/15/20,309.20,81839150,5.84,1.93,1.93,309.20,139.57,308.60,310.00,291.40,139.57,2020-07-15,2020.5342465753424,1.93
89,07/16/20,300.13,71503950,-9.07,-2.93,-2.93,300.13,132.54,295.43,306.34,293.20,132.54,2020-07-16,2020.5369863013698,-2.93
90,07/17/20,300.17,46649860,0.04,0.01,0.01,300.17,132.57,302.69,307.50,298.00,132.57,2020-07-17,2020.5397260273974,0.01
91,07/20/20,328.60,85606850,28.43,9.47,9.47,328.60,154.6,303.80,330.00,297.60,154.6,2020-07-20,2020.5479452054794,9.47
92,07/21/20,313.67,80786400,-14.93,-4.54,-4.54,313.67,143.03,327.99,335.00,311.60,143.03,2020-07-21,2020.5506849315068,-4.54
93,07/22/20,318.47,70805400,4.79,1.53,1.53,318.47,146.75,319.80,325.28,312.40,146.75,2020-07-22,2020.5534246575342,1.53
94,07/23/20,302.61,121642490,-15.85,-4.98,-4.98,302.61,134.46,335.79,337.80,296.15,134.46,2020-07-23,2020.5561643835617,-4.98
95,07/24/20,283.40,96983090,-19.21,-6.35,-6.35,283.40,119.58,283.20,293.00,273.31,119.58,2020-07-24,2020.558904109589,-6.35
96,07/27/20,307.92,80243350,24.52,8.65,8.65,307.92,138.58,287.00,309.59,282.60,138.58,2020-07-27,2020.5671232876712,8.65
97,07/28/20,295.30,79043490,-12.62,-4.1,-4.1,295.30,128.8,300.80,312.94,294.88,128.8,2020-07-28,2020.5698630136985,-4.1
98,07/29/20,299.82,47134465,4.52,1.53,1.53,299.82,132.3,300.20,306.96,297.40,132.3,2020-07-29,2020.572602739726,1.53
99,07/30/20,297.50,38105195,-2.32,-0.78,-0.78,297.50,130.5,297.60,302.65,294.20,130.5,2020-07-30,2020.5753424657535,-0.78
100,07/31/20,286.15,61234800,-11.35,-3.81,-3.81,286.15,121.71,303.00,303.41,284.20,121.71,2020-07-31,2020.5780821917808,-3.81
101,08/03/20,297.00,44046727,10.85,3.79,3.79,297.00,130.11,289.84,301.96,288.88,130.11,2020-08-03,2020.5835616438355,3.79
102,08/04/20,297.40,42074950,0.4,0.13,0.13,297.40,130.42,299.00,305.48,292.40,130.42,2020-08-04,2020.5863013698631,0.13
103,08/05/20,297.00,24890074,-0.4,-0.13,-0.13,297.00,130.12,298.60,299.97,293.66,130.12,2020-08-05,2020.5890410958905,-0.13
104,08/06/20,297.92,29961564,0.91,0.31,0.31,297.92,130.82,298.17,303.46,295.45,130.82,2020-08-06,2020.5917808219178,0.31
105,08/07/20,290.54,44482100,-7.37,-2.48,-2.48,290.54,125.11,299.91,299.95,283.00,125.11,2020-08-07,2020.5945205479452,-2.48
106,08/10/20,283.71,37611320,-6.83,-2.35,-2.35,283.71,119.82,289.60,291.50,277.17,119.82,2020-08-10,2020.6027397260275,-2.35
107,08/11/20,274.88,43129168,-8.84,-3.11,-3.11,274.88,112.97,279.20,284.00,273.00,112.97,2020-08-11,2020.6054794520549,-3.11
108,08/12/20,310.95,109494150,36.07,13.12,13.12,310.95,140.92,294.00,317.00,287.00,140.92,2020-08-12,2020.6082191780822,13.12
109,08/13/20,324.20,102126555,13.25,4.26,4.26,324.20,151.19,322.20,330.24,313.45,151.19,2020-08-13,2020.6109589041096,4.26
110,08/14/20,330.14,62888047,5.94,1.83,1.83,330.14,155.79,333.00,333.76,325.33,155.79,2020-08-14,2020.613698630137,1.83
111,08/17/20,367.13,101211600,36.99,11.2,11.2,367.13,184.45,335.40,369.17,334.57,184.45,2020-08-17,2020.6219178082192,11.2
112,08/18/20,377.42,82372445,10.29,2.8,2.8,377.42,192.42,379.80,384.78,369.02,192.42,2020-08-18,2020.6246575342466,2.8
113,08/19/20,375.71,61026650,-1.71,-0.45,-0.45,375.71,191.1,373.00,382.20,368.24,191.1,2020-08-19,2020.627397260274,-0.45
114,08/20/20,400.37,103059000,24.66,6.56,6.56,400.37,210.2,372.14,404.40,371.41,210.2,2020-08-20,2020.6301369863013,6.56
115,08/21/20,410.00,107447800,9.63,2.41,2.41,410.00,217.66,408.95,419.10,405.01,217.66,2020-08-21,2020.6328767123289,2.41
116,08/24/20,402.84,100318090,-7.16,-1.75,-1.75,402.84,212.12,425.25,425.80,385.50,212.12,2020-08-24,2020.641095890411,-1.75
117,08/25/20,404.67,53294450,1.83,0.45,0.45,404.67,213.54,394.98,405.59,393.60,213.54,2020-08-25,2020.6438356164383,0.45
118,08/26/20,430.63,71196900,25.97,6.42,6.42,430.63,233.65,412.00,433.20,410.73,233.65,2020-08-26,2020.6465753424657,6.42
119,08/27/20,447.75,118465200,17.12,3.97,3.97,447.75,246.92,436.09,459.12,428.50,246.92,2020-08-27,2020.6493150684933,3.97
120,08/28/20,442.68,100405900,-5.07,-1.13,-1.13,442.68,242.99,459.02,463.70,437.30,242.99,2020-08-28,2020.6520547945206,-1.13
121,08/31/20,498.32,118374400,55.64,12.57,12.57,498.32,286.1,444.61,500.14,440.11,286.1,2020-08-31,2020.6602739726027,12.57
122,09/01/20,475.05,90119420,-23.27,-4.67,-4.67,475.05,268.07,502.14,502.49,470.51,268.07,2020-09-01,2020.6602739726027,-4.67
123,09/02/20,447.37,96176125,-27.68,-5.83,-5.83,447.37,246.62,478.99,479.04,405.12,246.62,2020-09-02,2020.66301369863,-5.83
124,09/03/20,407.00,87596086,-40.37,-9.02,-9.02,407.00,215.34,407.23,431.80,402.00,215.34,2020-09-03,2020.6657534246576,-9.02
125,09/04/20,418.32,110321910,11.32,2.78,2.78,418.32,224.11,402.81,428.00,372.02,224.11,2020-09-04,2020.668493150685,2.78
126,09/08/20,330.21,115465695,-88.11,-21.06,-21.06,330.21,155.85,356.00,368.74,329.88,155.85,2020-09-08,2020.6794520547944,-21.06
127,09/09/20,366.28,79465766,36.07,10.92,10.92,366.28,183.79,356.60,369.00,341.51,183.79,2020-09-09,2020.682191780822,10.92
128,09/10/20,371.34,84930610,5.06,1.38,1.38,371.34,187.71,386.21,398.99,360.56,187.71,2020-09-10,2020.6849315068494,1.38
129,09/11/20,372.72,60717460,1.38,0.37,0.37,372.72,188.78,381.94,382.50,360.50,188.78,2020-09-11,2020.6876712328767,0.37
130,09/14/20,419.62,83020610,46.9,12.58,12.58,419.62,225.12,380.95,420.00,373.30,225.12,2020-09-14,2020.695890410959,12.58
131,09/15/20,449.76,97298234,30.14,7.18,7.18,449.76,248.47,436.56,461.94,430.70,248.47,2020-09-15,2020.6986301369864,7.18
132,09/16/20,441.76,72546760,-8.0,-1.78,-1.78,441.76,242.27,439.87,457.79,435.31,242.27,2020-09-16,2020.7013698630137,-1.78
133,09/17/20,423.43,76779160,-18.33,-4.15,-4.15,423.43,228.07,415.60,437.79,408.00,228.07,2020-09-17,2020.704109589041,-4.15
134,09/18/20,442.15,86406810,18.72,4.42,4.42,442.15,242.58,447.94,451.00,428.80,242.58,2020-09-18,2020.7068493150684,4.42
135,09/21/20,449.39,109476800,7.24,1.64,1.64,449.39,248.19,453.13,455.68,407.07,248.19,2020-09-21,2020.7150684931507,1.64
136,09/22/20,424.23,79580800,-25.16,-5.6,-5.6,424.23,228.69,429.60,437.76,417.60,228.69,2020-09-22,2020.717808219178,-5.6
137,09/23/20,380.36,95074180,-43.87,-10.34,-10.34,380.36,194.7,405.16,412.15,375.88,194.7,2020-09-23,2020.7205479452055,-10.34
138,09/24/20,387.79,96561055,7.43,1.95,1.95,387.79,200.46,363.80,399.50,351.30,200.46,2020-09-24,2020.7232876712328,1.95
139,09/25/20,407.34,67208460,19.55,5.04,5.04,407.34,215.61,393.47,408.73,391.30,215.61,2020-09-25,2020.7260273972602,5.04
140,09/28/20,421.20,49719560,13.86,3.4,3.4,421.20,226.34,424.62,428.08,415.55,226.34,2020-09-28,2020.7342465753425,3.4
141,09/29/20,419.07,50341400,-2.13,-0.51,-0.51,419.07,224.69,416.00,428.50,411.60,224.69,2020-09-29,2020.7369863013698,-0.51
142,09/30/20,429.01,48145566,9.94,2.37,2.37,429.01,232.4,421.32,433.93,420.47,232.4,2020-09-30,2020.7397260273972,2.37
143,10/01/20,448.16,50741450,19.15,4.46,4.46,448.16,247.23,440.76,448.88,434.42,247.23,2020-10-01,2020.7424657534248,4.46
144,10/02/20,415.09,71430030,-33.07,-7.38,-7.38,415.09,221.61,421.39,439.13,415.00,221.61,2020-10-02,2020.7452054794521,-7.38
145,10/05/20,425.68,44722793,10.59,2.55,2.55,425.68,229.82,423.35,433.64,419.33,229.82,2020-10-05,2020.7534246575342,2.55
146,10/06/20,413.98,49146260,-11.7,-2.75,-2.75,413.98,220.75,423.79,428.78,406.05,220.75,2020-10-06,2020.7561643835616,-2.75
147,10/07/20,425.30,43127710,11.32,2.73,2.73,425.30,229.52,419.87,429.90,413.85,229.52,2020-10-07,2020.7589041095891,2.73
148,10/08/20,425.92,40421120,0.62,0.15,0.15,425.92,230.0,438.44,439.00,425.30,230.0,2020-10-08,2020.7616438356165,0.15
149,10/09/20,434.00,28925660,8.08,1.9,1.9,434.00,236.26,430.13,434.59,426.46,236.26,2020-10-09,2020.7643835616439,1.9
150,10/12/20,442.30,38791130,8.3,1.91,1.91,442.30,242.69,442.00,448.74,438.58,242.69,2020-10-12,2020.772602739726,1.91
151,10/13/20,446.65,34463670,4.35,0.98,0.98,446.65,246.06,443.35,448.89,436.60,246.06,2020-10-13,2020.7753424657535,0.98
152,10/14/20,461.30,48045390,14.65,3.28,3.28,461.30,257.41,449.78,465.90,447.35,257.41,2020-10-14,2020.7780821917809,3.28
153,10/15/20,448.88,35672350,-12.42,-2.69,-2.69,448.88,247.79,450.31,456.57,442.50,247.79,2020-10-15,2020.7808219178082,-2.69
154,10/16/20,439.67,32775880,-9.21,-2.05,-2.05,439.67,240.66,454.44,455.95,438.85,240.66,2020-10-16,2020.7835616438356,-2.05
155,10/19/20,430.83,36287840,-8.84,-2.01,-2.01,430.83,233.81,446.24,447.00,428.87,233.81,2020-10-19,2020.7917808219179,-2.01
156,10/20/20,421.94,31656290,-8.89,-2.06,-2.06,421.94,226.92,431.75,431.75,419.05,226.92,2020-10-20,2020.7945205479452,-2.06
157,10/21/20,422.64,32370460,0.7,0.17,0.17,422.64,227.46,422.70,432.95,421.25,227.46,2020-10-21,2020.7972602739726,0.17
158,10/22/20,425.79,39993190,3.15,0.75,0.75,425.79,229.9,441.92,445.23,424.51,229.9,2020-10-22,2020.8,0.75
159,10/23/20,420.63,33716980,-5.16,-1.21,-1.21,420.63,225.9,421.84,422.89,407.38,225.9,2020-10-23,2020.8027397260273,-1.21
160,10/26/20,420.28,28239160,-0.35,-0.08,-0.08,420.28,225.63,411.63,425.76,410.00,225.63,2020-10-26,2020.8109589041096,-0.08
161,10/27/20,424.68,22686510,4.4,1.05,1.05,424.68,229.04,423.76,430.50,420.10,229.04,2020-10-27,2020.813698630137,1.05
162,10/28/20,406.02,25451410,-18.66,-4.39,-4.39,406.02,214.58,416.48,418.60,406.00,214.58,2020-10-28,2020.8164383561643,-4.39
163,10/29/20,410.83,22655310,4.81,1.18,1.18,410.83,218.31,409.96,418.06,406.46,218.31,2020-10-29,2020.8191780821917,1.18
164,10/30/20,388.04,42587640,-22.79,-5.55,-5.55,388.04,200.65,406.90,407.59,379.11,200.65,2020-10-30,2020.8219178082193,-5.55
165,11/02/20,400.51,29021120,12.47,3.21,3.21,400.51,210.31,394.00,406.98,392.30,210.31,2020-11-02,2020.827397260274,3.21
166,11/03/20,423.90,34351720,23.39,5.84,5.84,423.90,228.44,409.73,427.77,406.69,228.44,2020-11-03,2020.8301369863013,5.84
167,11/04/20,420.98,32143060,-2.92,-0.69,-0.69,420.98,226.17,430.62,435.40,417.10,226.17,2020-11-04,2020.8328767123287,-0.69
168,11/05/20,438.09,28414520,17.11,4.06,4.06,438.09,239.43,428.30,440.00,424.00,239.43,2020-11-05,2020.835616438356,4.06
169,11/06/20,429.95,21706010,-8.14,-1.86,-1.86,429.95,233.12,436.10,436.57,424.28,233.12,2020-11-06,2020.8383561643836,-1.86
170,11/09/20,421.26,34833030,-8.69,-2.02,-2.02,421.26,226.39,439.50,452.50,421.00,226.39,2020-11-09,2020.8465753424657,-2.02
171,11/10/20,410.36,30284220,-10.9,-2.59,-2.59,410.36,217.95,420.09,420.09,396.03,217.95,2020-11-10,2020.849315068493,-2.59
172,11/11/20,417.13,17357720,6.77,1.65,1.65,417.13,223.19,416.45,418.70,410.58,223.19,2020-11-11,2020.8520547945207,1.65
173,11/12/20,411.76,19940500,-5.37,-1.29,-1.29,411.76,219.03,415.05,423.00,409.52,219.03,2020-11-12,2020.854794520548,-1.29
174,11/13/20,408.50,19830350,-3.26,-0.79,-0.79,408.50,216.5,410.85,412.53,401.66,216.5,2020-11-13,2020.8575342465754,-0.79
175,11/16/20,408.09,26838640,-0.41,-0.1,-0.1,408.09,216.19,408.93,412.45,404.09,216.19,2020-11-16,2020.8657534246574,-0.1
176,11/17/20,441.61,61188280,33.52,8.21,8.21,441.61,242.16,460.17,462.00,433.01,242.16,2020-11-17,2020.868493150685,8.21
177,11/18/20,486.64,78044016,45.03,10.2,10.2,486.64,277.05,448.35,496.00,443.50,277.05,2020-11-18,2020.8712328767124,10.2
178,11/19/20,499.27,62475350,12.63,2.6,2.6,499.27,286.83,492.00,508.61,487.57,286.83,2020-11-19,2020.8739726027397,2.6
179,11/20/20,489.61,32911920,-9.66,-1.93,-1.93,489.61,279.35,497.99,502.50,489.06,279.35,2020-11-20,2020.876712328767,-1.93
180,11/23/20,521.85,50260300,32.24,6.58,6.58,521.85,304.33,503.50,526.00,501.79,304.33,2020-11-23,2020.8849315068494,6.58
181,11/24/20,555.38,53648490,33.53,6.43,6.43,555.38,330.31,540.40,559.99,526.20,330.31,2020-11-24,2020.8876712328768,6.43
182,11/25/20,574.00,48930160,18.62,3.35,3.35,574.00,344.73,550.06,574.00,545.37,344.73,2020-11-25,2020.890410958904,3.35
183,11/27/20,585.76,37561080,11.76,2.05,2.05,585.76,353.85,581.16,598.78,578.45,353.85,2020-11-27,2020.8958904109588,2.05
184,11/30/20,567.60,63003047,-18.16,-3.1,-3.1,567.60,339.77,602.21,607.80,554.51,339.77,2020-11-30,2020.9041095890411,-3.1
185,12/01/20,584.76,40382832,17.16,3.02,3.02,584.76,353.07,597.59,597.85,572.05,353.07,2020-12-01,2020.9068493150685,3.02
186,12/02/20,568.82,47775650,-15.94,-2.73,-2.73,568.82,340.72,556.44,571.54,541.21,340.72,2020-12-02,2020.9095890410958,-2.73
187,12/03/20,593.38,42552000,24.56,4.32,4.32,593.38,359.75,590.02,598.97,582.43,359.75,2020-12-03,2020.9123287671232,4.32
188,12/04/20,599.04,29401310,5.66,0.95,0.95,599.04,364.13,591.01,599.04,585.50,364.13,2020-12-04,2020.9150684931508,0.95
189,12/07/20,641.76,56309710,42.72,7.13,7.13,641.76,397.23,604.92,648.79,603.05,397.23,2020-12-07,2020.9232876712329,7.13
190,12/08/20,649.88,64265030,8.12,1.27,1.27,649.88,403.53,625.51,651.28,618.50,403.53,2020-12-08,2020.9260273972602,1.27
191,12/09/20,604.48,71291195,-45.4,-6.99,-6.99,604.48,368.35,653.69,654.32,588.00,368.35,2020-12-09,2020.9287671232876,-6.99
192,12/10/20,627.07,67083150,22.59,3.74,3.74,627.07,385.85,574.37,627.75,566.34,385.85,2020-12-10,2020.9315068493152,3.74
193,12/11/20,609.99,46474970,-17.08,-2.72,-2.72,609.99,372.62,615.01,624.00,596.80,372.62,2020-12-11,2020.9342465753425,-2.72
194,12/14/20,639.83,52040650,29.84,4.89,4.89,639.83,395.74,619.00,642.75,610.20,395.74,2020-12-14,2020.9424657534246,4.89
195,12/15/20,633.25,45223560,-6.58,-1.03,-1.03,633.25,390.64,643.28,646.90,623.80,390.64,2020-12-15,2020.945205479452,-1.03
196,12/16/20,622.77,42095810,-10.48,-1.65,-1.65,622.77,382.52,628.23,632.50,605.00,382.52,2020-12-16,2020.9479452054795,-1.65
197,12/17/20,655.90,56270140,33.13,5.32,5.32,655.90,408.19,628.19,658.82,619.50,408.19,2020-12-17,2020.9506849315069,5.32
198,12/18/20,695.00,222126200,39.1,5.96,5.96,695.00,438.48,668.90,695.00,628.54,438.48,2020-12-18,2020.9534246575342,5.96
199,12/21/20,649.86,58045260,-45.14,-6.49,-6.49,649.86,403.51,666.24,668.50,646.07,403.51,2020-12-21,2020.9616438356165,-6.49
200,12/22/20,640.34,51861640,-9.52,-1.46,-1.46,640.34,396.13,648.00,649.88,614.23,396.13,2020-12-22,2020.964383561644,-1.46
201,12/23/20,645.98,33172970,5.64,0.88,0.88,645.98,400.5,632.20,651.50,622.57,400.5,2020-12-23,2020.9671232876713,0.88
202,12/24/20,661.77,22865570,15.79,2.44,2.44,661.77,412.74,642.99,666.09,641.00,412.74,2020-12-24,2020.9698630136986,2.44
203,12/28/20,663.69,32278560,1.92,0.29,0.29,663.69,414.23,674.51,681.40,660.80,414.23,2020-12-28,2020.9808219178083,0.29
204,12/29/20,665.99,22910810,2.3,0.35,0.35,665.99,416.01,661.00,669.90,655.00,416.01,2020-12-29,2020.9835616438356,0.35
205,12/30/20,694.78,42846020,28.79,4.32,4.32,694.78,438.31,672.00,696.60,668.36,438.31,2020-12-30,2020.986301369863,4.32
206,12/31/20,705.67,49649930,10.89,1.57,1.57,705.67,446.75,699.99,718.72,691.12,446.75,2020-12-31,2020.9890410958903,1.57
207,01/04/21,729.77,48638190,24.1,3.42,3.42,729.77,465.42,719.46,744.49,717.19,465.42,2021-01-04,2021.0109589041097,3.42
208,01/05/21,735.11,32245170,5.34,0.73,0.73,735.11,469.56,723.66,740.84,719.20,469.56,2021-01-05,2021.013698630137,0.73
209,01/06/21,755.98,44699970,20.87,2.84,2.84,755.98,485.73,758.49,774.00,749.10,485.73,2021-01-06,2021.0164383561644,2.84
210,01/07/21,816.04,51498953,60.06,7.94,7.94,816.04,532.27,777.63,816.99,775.20,532.27,2021-01-07,2021.0191780821917,7.94
211,01/08/21,880.02,75055530,63.98,7.84,7.84,880.02,581.84,856.00,884.49,838.39,581.84,2021-01-08,2021.021917808219,7.84
212,01/11/21,811.19,59554152,-68.83,-7.82,-7.82,811.19,528.51,849.40,854.43,803.62,528.51,2021-01-11,2021.0301369863014,-7.82
213,01/12/21,849.44,46270720,38.25,4.72,4.72,849.44,558.14,831.00,868.00,827.34,558.14,2021-01-12,2021.0328767123287,4.72
214,01/13/21,854.41,33312500,4.97,0.59,0.59,854.41,561.99,852.76,860.47,832.00,561.99,2021-01-13,2021.035616438356,0.59
215,01/14/21,845.00,31266330,-9.41,-1.1,-1.1,845.00,554.7,843.39,863.00,838.75,554.7,2021-01-14,2021.0383561643835,-1.1
216,01/15/21,826.16,38777600,-18.84,-2.23,-2.23,826.16,540.11,852.00,859.90,819.10,540.11,2021-01-15,2021.041095890411,-2.23
217,01/19/21,844.55,25366980,18.39,2.23,2.23,844.55,554.36,837.80,850.00,833.00,554.36,2021-01-19,2021.0520547945205,2.23
218,01/20/21,850.45,25665880,5.9,0.7,0.7,850.45,558.93,858.74,859.50,837.28,558.93,2021-01-20,2021.054794520548,0.7
219,01/21/21,844.99,20598130,-5.46,-0.64,-0.64,844.99,554.7,855.00,855.72,841.42,554.7,2021-01-21,2021.0575342465754,-0.64
220,01/22/21,846.64,20066500,1.65,0.2,0.2,846.64,555.97,834.31,848.00,828.62,555.97,2021-01-22,2021.0602739726028,0.2
221,01/25/21,880.80,41173400,34.16,4.03,4.03,880.80,582.44,855.00,900.40,838.82,582.44,2021-01-25,2021.0684931506848,4.03
222,01/26/21,883.09,23131600,2.29,0.26,0.26,883.09,584.22,891.38,895.90,871.60,584.22,2021-01-26,2021.0712328767124,0.26
223,01/27/21,864.16,27333960,-18.93,-2.14,-2.14,864.16,569.55,870.35,891.50,858.66,569.55,2021-01-27,2021.0739726027398,-2.14
224,01/28/21,835.43,26378050,-28.73,-3.32,-3.32,835.43,547.29,820.00,848.00,801.00,547.29,2021-01-28,2021.0767123287671,-3.32
225,01/29/21,793.53,34990754,-41.9,-5.02,-5.02,793.53,514.82,830.00,842.41,780.10,514.82,2021-01-29,2021.0794520547945,-5.02
226,02/01/21,839.81,25391390,46.28,5.83,5.83,839.81,550.68,814.29,842.00,795.56,550.68,2021-02-01,2021.0849315068492,5.83
227,02/02/21,872.79,24346210,32.98,3.93,3.93,872.79,576.24,844.68,880.50,842.20,576.24,2021-02-02,2021.0876712328768,3.93
228,02/03/21,854.69,18343510,-18.1,-2.07,-2.07,854.69,562.21,877.02,878.08,853.06,562.21,2021-02-03,2021.0904109589042,-2.07
229,02/04/21,849.99,15812660,-4.7,-0.55,-0.55,849.99,558.57,855.00,856.50,833.42,558.57,2021-02-04,2021.0931506849315,-0.55
230,02/05/21,852.23,18566640,2.24,0.26,0.26,852.23,560.31,845.00,864.77,838.97,560.31,2021-02-05,2021.0958904109589,0.26
231,02/08/21,863.42,20161720,11.19,1.31,1.31,863.42,568.98,869.67,877.77,854.75,568.98,2021-02-08,2021.1041095890412,1.31
232,02/09/21,849.46,15157650,-13.96,-1.62,-1.62,849.46,558.16,855.12,859.80,841.75,558.16,2021-02-09,2021.1068493150685,-1.62
233,02/10/21,804.82,36216090,-44.64,-5.26,-5.26,804.82,523.57,843.64,844.82,800.02,523.57,2021-02-10,2021.109589041096,-5.26
234,02/11/21,811.66,21622750,6.84,0.85,0.85,811.66,528.87,812.44,829.88,801.73,528.87,2021-02-11,2021.1123287671232,0.85
235,02/12/21,816.12,23768310,4.46,0.55,0.55,816.12,532.33,801.26,817.33,785.33,532.33,2021-02-12,2021.1150684931506,0.55
236,02/16/21,796.22,19802320,-19.9,-2.44,-2.44,796.22,516.91,818.00,821.00,792.44,516.91,2021-02-16,2021.1260273972603,-2.44
237,02/17/21,798.15,26078900,1.93,0.24,0.24,798.15,518.4,779.09,799.84,762.01,518.4,2021-02-17,2021.1287671232876,0.24
238,02/18/21,787.38,17957060,-10.77,-1.35,-1.35,787.38,510.06,780.90,794.69,776.27,510.06,2021-02-18,2021.131506849315,-1.35
239,02/19/21,781.30,18958260,-6.08,-0.77,-0.77,781.30,505.35,795.00,796.79,777.37,505.35,2021-02-19,2021.1342465753426,-0.77
240,02/22/21,714.50,37269720,-66.8,-8.55,-8.55,714.50,453.59,762.64,768.50,710.20,453.59,2021-02-22,2021.1424657534246,-8.55
241,02/23/21,698.84,66606880,-15.66,-2.19,-2.19,698.84,441.46,662.13,713.61,619.00,441.46,2021-02-23,2021.145205479452,-2.19
242,02/24/21,742.02,36766953,43.18,6.18,6.18,742.02,474.92,711.85,745.00,694.17,474.92,2021-02-24,2021.1479452054793,6.18
243,02/25/21,682.22,39023860,-59.8,-8.06,-8.06,682.22,428.58,726.15,737.21,670.58,428.58,2021-02-25,2021.150684931507,-8.06
244,02/26/21,675.50,41089168,-6.72,-0.99,-0.99,675.50,423.38,700.00,706.70,659.51,423.38,2021-02-26,2021.1534246575343,-0.99
245,03/01/21,718.43,27136240,42.93,6.36,6.36,718.43,456.64,690.11,872.00,685.05,456.64,2021-03-01,2021.1671232876713,6.36
246,03/02/21,686.44,23732160,-31.99,-4.45,-4.45,686.44,431.85,718.28,721.11,685.00,431.85,2021-03-02,2021.1698630136987,-4.45
247,03/03/21,653.20,30207960,-33.24,-4.84,-4.84,653.20,406.1,687.99,700.70,651.71,406.1,2021-03-03,2021.172602739726,-4.84
248,03/04/21,621.44,65919530,-31.76,-4.86,-4.86,621.44,381.49,655.80,873.94,600.00,381.49,2021-03-04,2021.1753424657534,-4.86
249,03/05/21,597.95,89396460,-23.49,-3.78,-3.78,597.95,363.29,626.06,627.84,539.49,363.29,2021-03-05,2021.1780821917807,-3.78
250,03/08/21,563.00,51786960,-34.95,-5.84,-5.84,563.00,336.21,600.55,620.13,558.79,336.21,2021-03-08,2021.186301369863,-5.84
251,03/09/21,673.58,67523330,110.58,19.64,19.64,673.58,421.89,608.18,678.09,595.21,421.89,2021-03-09,2021.1890410958904,19.64
252,03/10/21,668.06,60605670,-5.52,-0.82,-0.82,668.06,417.61,700.30,717.85,655.06,417.61,2021-03-10,2021.1917808219177,-0.82
253,03/11/21,699.60,36253887,31.54,4.72,4.72,699.60,442.05,699.40,702.50,677.18,442.05,2021-03-11,2021.194520547945,4.72
254,03/12/21,693.73,33583840,-5.87,-0.84,-0.84,693.73,437.5,670.00,694.88,666.14,437.5,2021-03-12,2021.1972602739727,-0.84
255,03/15/21,707.94,29423480,14.21,2.05,2.05,707.94,448.51,694.09,713.18,684.04,448.51,2021-03-15,2021.2054794520548,2.05
256,03/16/21,676.88,32195670,-31.06,-4.39,-4.39,676.88,424.44,703.35,707.92,671.00,424.44,2021-03-16,2021.2082191780821,-4.39
257,03/17/21,701.81,40372450,24.93,3.68,3.68,701.81,443.76,656.87,703.73,651.01,443.76,2021-03-17,2021.2109589041097,3.68
258,03/18/21,653.16,33369020,-48.65,-6.93,-6.93,653.16,406.07,684.29,689.23,652.00,406.07,2021-03-18,2021.213698630137,-6.93
259,03/19/21,654.87,42893980,1.71,0.26,0.26,654.87,407.39,646.60,657.23,624.62,407.39,2021-03-19,2021.2164383561644,0.26
260,03/22/21,670.00,39512220,15.13,2.31,2.31,670.00,419.11,684.59,699.62,668.75,419.11,2021-03-22,2021.2246575342465,2.31
261,03/23/21,662.16,30491870,-7.84,-1.17,-1.17,662.16,413.04,675.77,677.80,657.51,413.04,2021-03-23,2021.227397260274,-1.17
262,03/24/21,630.27,33795168,-31.89,-4.82,-4.82,630.27,388.33,667.91,668.02,630.11,388.33,2021-03-24,2021.2301369863014,-4.82
263,03/25/21,640.39,39224848,10.12,1.61,1.61,640.39,396.17,613.00,645.50,609.50,396.17,2021-03-25,2021.2328767123288,1.61
264,03/26/21,618.71,33852832,-21.68,-3.39,-3.39,618.71,379.37,641.87,643.82,599.89,379.37,2021-03-26,2021.2356164383561,-3.39
265,03/29/21,611.29,28636990,-7.42,-1.2,-1.2,611.29,373.63,615.64,616.48,596.02,373.63,2021-03-29,2021.2438356164384,-1.2
266,03/30/21,635.62,39432360,24.33,3.98,3.98,635.62,392.48,601.75,637.66,591.01,392.48,2021-03-30,2021.2465753424658,3.98
267,03/31/21,667.93,33337290,32.31,5.08,5.08,667.93,417.51,646.62,672.00,641.11,417.51,2021-03-31,2021.2493150684932,5.08
268,04/01/21,661.75,35298380,-6.18,-0.93,-0.93,661.75,412.72,688.37,692.42,659.42,412.72,2021-04-01,2021.2493150684932,-0.93
269,04/05/21,691.05,41842770,29.3,4.43,4.43,691.05,435.42,707.71,708.16,684.70,435.42,2021-04-05,2021.2602739726028,4.43
270,04/06/21,691.62,28271840,0.57,0.08,0.08,691.62,435.87,690.30,696.55,681.37,435.87,2021-04-06,2021.2630136986302,0.08
271,04/07/21,670.97,26309430,-20.65,-2.99,-2.99,670.97,419.87,687.00,691.38,667.84,419.87,2021-04-07,2021.2657534246575,-2.99
272,04/08/21,683.80,23924330,12.83,1.91,1.91,683.80,429.81,677.38,689.55,671.65,429.81,2021-04-08,2021.268493150685,1.91
273,04/09/21,677.02,21437090,-6.78,-0.99,-0.99,677.02,424.55,677.77,680.97,669.43,424.55,2021-04-09,2021.2712328767122,-0.99
274,04/12/21,701.98,29135670,24.96,3.69,3.69,701.98,443.89,685.70,704.80,682.09,443.89,2021-04-12,2021.2794520547945,3.69
275,04/13/21,762.32,44652810,60.34,8.6,8.6,762.32,490.64,712.70,763.00,710.66,490.64,2021-04-13,2021.282191780822,8.6
276,04/14/21,732.23,49017434,-30.09,-3.95,-3.95,732.23,467.33,770.70,780.79,728.03,467.33,2021-04-14,2021.2849315068493,-3.95
277,04/15/21,738.85,27848900,6.62,0.9,0.9,738.85,472.46,743.10,743.69,721.31,472.46,2021-04-15,2021.2876712328766,0.9
278,04/16/21,739.78,27979530,0.93,0.13,0.13,739.78,473.18,728.65,749.41,724.60,473.18,2021-04-16,2021.2904109589042,0.13
279,04/19/21,714.63,39686230,-25.15,-3.4,-3.4,714.63,453.69,719.60,725.40,691.80,453.69,2021-04-19,2021.2986301369863,-3.4
280,04/20/21,718.99,35609040,4.36,0.61,0.61,718.99,457.07,717.42,737.25,710.69,457.07,2021-04-20,2021.3013698630136,0.61
281,04/21/21,744.12,31215510,25.13,3.5,3.5,744.12,476.54,704.77,744.84,698.00,476.54,2021-04-21,2021.304109589041,3.5
282,04/22/21,719.69,35590260,-24.43,-3.28,-3.28,719.69,457.61,741.50,753.77,718.04,457.61,2021-04-22,2021.3068493150686,-3.28
283,04/23/21,729.40,28413890,9.71,1.35,1.35,729.40,465.14,719.80,737.36,715.46,465.14,2021-04-23,2021.309589041096,1.35
284,04/26/21,738.20,31038500,8.8,1.21,1.21,738.20,471.96,741.00,749.30,732.61,471.96,2021-04-26,2021.317808219178,1.21
285,04/27/21,704.74,29437000,-33.46,-4.53,-4.53,704.74,446.03,717.96,724.00,703.35,446.03,2021-04-27,2021.3205479452056,-4.53
286,04/28/21,694.40,22271050,-10.34,-1.47,-1.47,694.40,438.02,696.41,708.50,693.60,438.02,2021-04-28,2021.323287671233,-1.47
287,04/29/21,677.00,28845450,-17.4,-2.51,-2.51,677.00,424.54,699.51,702.25,668.50,424.54,2021-04-29,2021.3260273972603,-2.51
288,04/30/21,709.44,40758720,32.44,4.79,4.79,709.44,449.67,667.59,715.47,666.14,449.67,2021-04-30,2021.3287671232877,4.79
289,05/03/21,684.90,27043140,-24.54,-3.46,-3.46,684.90,430.66,703.80,706.00,680.50,430.66,2021-05-03,2021.33698630137,-3.46
290,05/04/21,673.60,29739320,-11.3,-1.65,-1.65,673.60,421.9,678.94,683.45,657.70,421.9,2021-05-04,2021.3397260273973,-1.65
291,05/05/21,670.94,21901890,-2.66,-0.39,-0.39,670.94,419.84,681.06,685.30,667.34,419.84,2021-05-05,2021.3424657534247,-0.39
292,05/06/21,663.54,27784620,-7.4,-1.1,-1.1,663.54,414.11,680.76,681.02,650.00,414.11,2021-05-06,2021.345205479452,-1.1
293,05/07/21,672.37,23469170,8.83,1.33,1.33,672.37,420.95,665.80,690.00,660.22,420.95,2021-05-07,2021.3479452054794,1.33
294,05/10/21,629.04,31392420,-43.33,-6.44,-6.44,629.04,387.38,664.90,665.05,627.61,387.38,2021-05-10,2021.3561643835617,-6.44
295,05/11/21,617.20,46503900,-11.84,-1.88,-1.88,617.20,378.2,599.24,627.10,595.60,378.2,2021-05-11,2021.358904109589,-1.88
296,05/12/21,589.89,33823650,-27.31,-4.42,-4.42,589.89,357.05,602.49,620.41,586.77,357.05,2021-05-12,2021.3616438356164,-4.42
297,05/13/21,571.69,44184920,-18.2,-3.09,-3.09,571.69,342.94,601.55,606.46,559.65,342.94,2021-05-13,2021.3643835616438,-3.09
298,05/14/21,589.74,33370860,18.05,3.16,3.16,589.74,356.93,583.41,592.87,570.46,356.93,2021-05-14,2021.3671232876711,3.16
299,05/17/21,576.83,32247800,-12.91,-2.19,-2.19,576.83,346.93,575.55,589.73,561.20,346.93,2021-05-17,2021.3753424657534,-2.19
300,05/18/21,577.87,36830566,1.04,0.18,0.18,577.87,347.73,568.00,596.25,563.38,347.73,2021-05-18,2021.3780821917808,0.18
301,05/19/21,563.46,39578400,-14.41,-2.49,-2.49,563.46,336.57,552.55,566.21,546.98,336.57,2021-05-19,2021.3808219178081,-2.49
302,05/20/21,586.78,30821120,23.32,4.14,4.14,586.78,354.64,575.00,588.85,571.07,354.64,2021-05-20,2021.3835616438357,4.14
303,05/21/21,580.88,26030600,-5.9,-1.01,-1.01,580.88,350.06,596.11,596.68,580.00,350.06,2021-05-21,2021.386301369863,-1.01
304,05/24/21,606.44,34558090,25.56,4.4,4.4,606.44,369.87,581.60,614.48,573.65,369.87,2021-05-24,2021.3945205479451,4.4
305,05/25/21,604.69,28005930,-1.75,-0.29,-0.29,604.69,368.51,607.31,613.99,595.71,368.51,2021-05-25,2021.3972602739725,-0.29
306,05/26/21,619.13,28639310,14.44,2.39,2.39,619.13,379.7,607.56,626.17,601.50,379.7,2021-05-26,2021.4,2.39
307,05/27/21,630.85,26370590,11.72,1.89,1.89,630.85,388.78,620.24,631.13,616.21,388.78,2021-05-27,2021.4027397260274,1.89
308,05/28/21,625.22,22737040,-5.63,-0.89,-0.89,625.22,384.42,628.50,635.59,622.38,384.42,2021-05-28,2021.4054794520548,-0.89
309,06/01/21,623.90,18084890,-1.32,-0.21,-0.21,623.90,383.4,627.80,633.80,620.55,383.4,2021-06-01,2021.4136986301369,-0.21
310,06/02/21,605.12,23302780,-18.78,-3.01,-3.01,605.12,368.85,620.13,623.36,599.14,368.85,2021-06-02,2021.4164383561645,-3.01
311,06/03/21,572.84,30111890,-32.28,-5.33,-5.33,572.84,343.83,601.80,604.55,571.22,343.83,2021-06-03,2021.4191780821918,-5.33
312,06/04/21,599.05,24036900,26.21,4.58,4.58,599.05,364.14,579.71,600.61,577.20,364.14,2021-06-04,2021.4219178082192,4.58
313,06/07/21,605.13,22543680,6.08,1.01,1.01,605.13,368.85,591.83,610.00,582.88,368.85,2021-06-07,2021.4301369863015,1.01
314,06/08/21,603.59,26053410,-1.54,-0.25,-0.25,603.59,367.66,623.01,623.09,595.50,367.66,2021-06-08,2021.4328767123288,-0.25
315,06/09/21,598.78,16584570,-4.81,-0.8,-0.8,598.78,363.93,602.17,611.79,597.63,363.93,2021-06-09,2021.4356164383562,-0.8
316,06/10/21,610.12,23919610,11.34,1.89,1.89,610.12,372.72,603.88,616.59,600.50,372.72,2021-06-10,2021.4383561643835,1.89
317,06/11/21,609.89,16205300,-0.23,-0.04,-0.04,609.89,372.54,610.23,612.56,601.52,372.54,2021-06-11,2021.441095890411,-0.04
318,06/14/21,617.69,20423980,7.8,1.28,1.28,617.69,378.58,612.23,625.49,609.18,378.58,2021-06-14,2021.4493150684932,1.28
319,06/15/21,599.36,17764150,-18.33,-2.97,-2.97,599.36,364.38,616.69,616.79,598.23,364.38,2021-06-15,2021.4520547945206,-2.97
320,06/16/21,604.87,22144130,5.51,0.92,0.92,604.87,368.65,597.54,608.50,593.50,368.65,2021-06-16,2021.454794520548,0.92
321,06/17/21,616.60,22701350,11.73,1.94,1.94,616.60,377.74,601.89,621.47,601.34,377.74,2021-06-17,2021.4575342465753,1.94
322,06/18/21,623.31,24560910,6.71,1.09,1.09,623.31,382.94,613.37,628.35,611.80,382.94,2021-06-18,2021.4602739726026,1.09
323,06/21/21,620.83,24812740,-2.48,-0.4,-0.4,620.83,381.02,624.48,631.39,608.88,381.02,2021-06-21,2021.468493150685,-0.4
324,06/22/21,623.71,19158890,2.88,0.46,0.46,623.71,383.25,618.25,628.57,615.50,383.25,2021-06-22,2021.4712328767123,0.46
325,06/23/21,656.57,31099230,32.86,5.27,5.27,656.57,408.71,632.00,657.20,630.04,408.71,2021-06-23,2021.4739726027397,5.27
326,06/24/21,679.82,45982390,23.25,3.54,3.54,679.82,426.72,674.99,697.62,667.61,426.72,2021-06-24,2021.4767123287672,3.54
327,06/25/21,671.87,32496710,-7.95,-1.17,-1.17,671.87,420.56,689.58,693.81,668.70,420.56,2021-06-25,2021.4794520547946,-1.17
328,06/28/21,688.72,21628160,16.85,2.51,2.51,688.72,433.62,671.64,694.70,670.32,433.62,2021-06-28,2021.4876712328767,2.51
329,06/29/21,680.76,17381310,-7.96,-1.16,-1.16,680.76,427.45,684.65,687.51,675.89,427.45,2021-06-29,2021.490410958904,-1.16
330,06/30/21,679.70,18924860,-1.06,-0.16,-0.16,679.70,426.63,679.77,692.81,678.14,426.63,2021-06-30,2021.4931506849316,-0.16
331,07/01/21,677.92,18634520,-1.78,-0.26,-0.26,677.92,425.25,683.92,687.99,672.80,425.25,2021-07-01,2021.495890410959,-0.26
332,07/02/21,678.90,27097370,0.98,0.14,0.14,678.90,426.01,678.98,700.00,673.26,426.01,2021-07-02,2021.4986301369863,0.14
333,07/06/21,659.58,23284450,-19.32,-2.85,-2.85,659.58,411.04,681.71,684.00,651.40,411.04,2021-07-06,2021.509589041096,-2.85
334,07/07/21,644.65,18791960,-14.93,-2.26,-2.26,644.65,399.47,664.27,665.70,638.32,399.47,2021-07-07,2021.5123287671233,-2.26
335,07/08/21,652.81,22773320,8.16,1.27,1.27,652.81,405.8,628.37,654.43,620.46,405.8,2021-07-08,2021.5150684931507,1.27
336,07/09/21,656.95,18140550,4.14,0.63,0.63,656.95,409.0,653.19,658.91,644.69,409.0,2021-07-09,2021.517808219178,0.63
337,07/12/21,685.70,25927040,28.75,4.38,4.38,685.70,431.28,662.20,687.24,662.16,431.28,2021-07-12,2021.5260273972603,4.38
338,07/13/21,668.54,20966090,-17.16,-2.5,-2.5,668.54,417.98,686.32,693.28,666.30,417.98,2021-07-13,2021.5287671232877,-2.5
339,07/14/21,653.38,21641190,-15.16,-2.27,-2.27,653.38,406.24,670.75,678.61,652.84,406.24,2021-07-14,2021.531506849315,-2.27
340,07/15/21,650.60,20209570,-2.78,-0.43,-0.43,650.60,404.08,658.39,666.14,637.88,404.08,2021-07-15,2021.5342465753424,-0.43
341,07/16/21,644.22,16370970,-6.38,-0.98,-0.98,644.22,399.14,654.68,656.70,642.20,399.14,2021-07-16,2021.5369863013698,-0.98
342,07/19/21,646.22,21297090,2.0,0.31,0.31,646.22,400.69,629.89,647.20,621.29,400.69,2021-07-19,2021.545205479452,0.31
343,07/20/21,660.50,15487130,14.28,2.21,2.21,660.50,411.75,651.99,662.39,640.50,411.75,2021-07-20,2021.5479452054794,2.21
344,07/21/21,655.29,13953340,-5.21,-0.79,-0.79,655.29,407.72,659.61,664.86,650.29,407.72,2021-07-21,2021.5506849315068,-0.79
345,07/22/21,649.26,15105730,-6.03,-0.92,-0.92,649.26,403.04,656.44,662.17,644.60,403.04,2021-07-22,2021.5534246575342,-0.92
346,07/23/21,643.38,14604940,-5.88,-0.91,-0.91,643.38,398.49,646.36,648.80,637.30,398.49,2021-07-23,2021.5561643835617,-0.91
347,07/26/21,657.62,25336560,14.24,2.21,2.21,657.62,409.52,650.97,668.20,647.11,409.52,2021-07-26,2021.5643835616438,2.21
348,07/27/21,644.78,32813290,-12.84,-1.95,-1.95,644.78,399.57,663.40,666.50,627.24,399.57,2021-07-27,2021.5671232876712,-1.95
349,07/28/21,646.98,16006600,2.2,0.34,0.34,646.98,401.28,647.00,654.97,639.40,401.28,2021-07-28,2021.5698630136985,0.34
350,07/29/21,677.35,30394640,30.37,4.69,4.69,677.35,424.81,649.79,683.69,648.80,424.81,2021-07-29,2021.572602739726,4.69
351,07/30/21,687.20,29656410,9.85,1.45,1.45,687.20,432.44,671.76,697.53,669.00,432.44,2021-07-30,2021.5753424657535,1.45
352,08/02/21,709.67,33615770,22.47,3.27,3.27,709.67,449.85,700.00,726.94,698.40,449.85,2021-08-02,2021.5808219178082,3.27
353,08/03/21,709.74,21620250,0.07,0.01,0.01,709.74,449.9,719.00,722.65,701.01,449.9,2021-08-03,2021.5835616438355,0.01
354,08/04/21,710.92,17002650,1.18,0.17,0.17,710.92,450.82,711.00,724.90,708.93,450.82,2021-08-04,2021.5863013698631,0.17
355,08/05/21,714.63,12919640,3.71,0.52,0.52,714.63,453.69,716.00,720.95,711.41,453.69,2021-08-05,2021.5890410958905,0.52
356,08/06/21,699.10,15623050,-15.53,-2.17,-2.17,699.10,441.66,711.90,716.33,697.63,441.66,2021-08-06,2021.5917808219178,-2.17
357,08/09/21,713.76,14715350,14.66,2.1,2.1,713.76,453.02,710.17,719.03,705.13,453.02,2021-08-09,2021.6,2.1
358,08/10/21,709.99,13432310,-3.77,-0.53,-0.53,709.99,450.1,713.99,716.59,701.88,450.1,2021-08-10,2021.6027397260275,-0.53
359,08/11/21,707.82,9800558,-2.17,-0.31,-0.31,707.82,448.42,712.71,715.18,704.21,448.42,2021-08-11,2021.6054794520549,-0.31
360,08/12/21,722.25,17681690,14.43,2.04,2.04,722.25,459.6,706.34,722.80,699.40,459.6,2021-08-12,2021.6082191780822,2.04
361,08/13/21,717.17,16731470,-5.08,-0.7,-0.7,717.17,455.66,723.71,729.90,714.34,455.66,2021-08-13,2021.6109589041096,-0.7
362,08/16/21,686.17,23103300,-31.0,-4.32,-4.32,686.17,431.64,705.07,709.50,676.40,431.64,2021-08-16,2021.6191780821919,-4.32
363,08/17/21,665.71,23721280,-20.46,-2.98,-2.98,665.71,415.79,672.66,674.58,648.84,415.79,2021-08-17,2021.6219178082192,-2.98
364,08/18/21,688.99,20349380,23.28,3.5,3.5,688.99,433.83,669.75,695.77,669.35,433.83,2021-08-18,2021.6246575342466,3.5
365,08/19/21,673.47,14313490,-15.52,-2.25,-2.25,673.47,421.8,678.21,686.55,667.59,421.8,2021-08-19,2021.627397260274,-2.25
366,08/20/21,680.26,14841870,6.79,1.01,1.01,680.26,427.06,682.85,692.13,673.70,427.06,2021-08-20,2021.6301369863013,1.01
367,08/23/21,706.30,20264860,26.04,3.83,3.83,706.30,447.24,685.44,712.13,680.75,447.24,2021-08-23,2021.6383561643836,3.83
368,08/24/21,708.49,13083070,2.19,0.31,0.31,708.49,448.94,710.68,715.22,702.64,448.94,2021-08-24,2021.641095890411,0.31
369,08/25/21,711.20,12645560,2.71,0.38,0.38,711.20,451.04,707.03,716.97,704.00,451.04,2021-08-25,2021.6438356164383,0.38
370,08/26/21,701.16,13214290,-10.04,-1.41,-1.41,701.16,443.26,708.31,715.40,697.62,443.26,2021-08-26,2021.6465753424657,-1.41
371,08/27/21,711.92,13833760,10.76,1.53,1.53,711.92,451.59,705.00,715.00,702.10,451.59,2021-08-27,2021.6493150684933,1.53
372,08/30/21,730.91,18604220,18.99,2.67,2.67,730.91,466.31,714.72,731.00,712.73,466.31,2021-08-30,2021.6575342465753,2.67
373,08/31/21,735.72,20855440,4.81,0.66,0.66,735.72,470.03,733.00,740.39,726.44,470.03,2021-08-31,2021.6602739726027,0.66
374,09/01/21,734.09,13204340,-1.63,-0.22,-0.22,734.09,468.77,734.08,741.99,731.27,468.77,2021-09-01,2021.6602739726027,-0.22
375,09/02/21,732.39,12796740,-1.7,-0.23,-0.23,732.39,467.45,734.50,740.97,730.54,467.45,2021-09-02,2021.66301369863,-0.23
376,09/03/21,733.57,15271050,1.18,0.16,0.16,733.57,468.37,732.25,734.00,724.20,468.37,2021-09-03,2021.6657534246576,0.16
377,09/07/21,752.92,20039830,19.35,2.64,2.64,752.92,483.36,740.00,760.20,739.26,483.36,2021-09-07,2021.676712328767,2.64
378,09/08/21,753.87,18793040,0.95,0.13,0.13,753.87,484.1,761.58,764.45,740.77,484.1,2021-09-08,2021.6794520547944,0.13
379,09/09/21,754.86,14077730,0.99,0.13,0.13,754.86,484.86,753.41,762.10,751.63,484.86,2021-09-09,2021.682191780822,0.13
380,09/10/21,736.27,15184170,-18.59,-2.46,-2.46,736.27,470.46,759.60,762.61,734.52,470.46,2021-09-10,2021.6849315068494,-2.46
381,09/13/21,743.00,22952480,6.73,0.91,0.91,743.00,475.67,740.21,744.78,708.85,475.67,2021-09-13,2021.6931506849314,0.91
382,09/14/21,744.49,18524880,1.49,0.2,0.2,744.49,476.83,742.57,754.47,736.40,476.83,2021-09-14,2021.695890410959,0.2
383,09/15/21,755.83,15357690,11.34,1.52,1.52,755.83,485.62,745.00,756.86,738.36,485.62,2021-09-15,2021.6986301369864,1.52
384,09/16/21,756.99,13923390,1.16,0.15,0.15,756.99,486.51,752.83,758.91,747.61,486.51,2021-09-16,2021.7013698630137,0.15
385,09/17/21,759.49,28204180,2.5,0.33,0.33,759.49,488.45,757.15,761.04,750.00,488.45,2021-09-17,2021.704109589041,0.33
386,09/20/21,730.17,24757650,-29.32,-3.86,-3.86,730.17,465.73,734.56,742.00,718.62,465.73,2021-09-20,2021.7123287671234,-3.86
387,09/21/21,739.38,16330720,9.21,1.26,1.26,739.38,472.87,734.79,744.74,730.44,472.87,2021-09-21,2021.7150684931507,1.26
388,09/22/21,751.94,15126270,12.56,1.7,1.7,751.94,482.6,743.53,753.67,739.12,482.6,2021-09-22,2021.717808219178,1.7
389,09/23/21,753.64,11947530,1.7,0.23,0.23,753.64,483.92,755.00,758.20,747.92,483.92,2021-09-23,2021.7205479452055,0.23
390,09/24/21,774.39,21373020,20.75,2.75,2.75,774.39,500.0,745.89,774.80,744.56,500.0,2021-09-24,2021.7232876712328,2.75
391,09/27/21,791.36,28070660,16.97,2.19,2.19,791.36,513.14,773.12,799.00,769.31,513.14,2021-09-27,2021.731506849315,2.19
392,09/28/21,777.56,25381420,-13.8,-1.74,-1.74,777.56,502.45,787.20,795.64,766.18,502.45,2021-09-28,2021.7342465753425,-1.74
393,09/29/21,781.31,20942880,3.75,0.48,0.48,781.31,505.36,779.80,793.50,770.68,505.36,2021-09-29,2021.7369863013698,0.48
394,09/30/21,775.48,17955960,-5.83,-0.75,-0.75,775.48,500.84,781.00,789.13,775.00,500.84,2021-09-30,2021.7397260273972,-0.75
395,10/01/21,775.22,17031410,-0.26,-0.03,-0.03,775.22,500.64,778.40,780.78,763.59,500.64,2021-10-01,2021.7424657534248,-0.03
396,10/04/21,781.53,30483340,6.31,0.81,0.81,781.53,505.53,796.50,806.97,776.12,505.53,2021-10-04,2021.7506849315068,0.81
397,10/05/21,780.59,18432630,-0.94,-0.12,-0.12,780.59,504.8,784.80,797.31,774.20,504.8,2021-10-05,2021.7534246575342,-0.12
398,10/06/21,782.75,14632770,2.16,0.28,0.28,782.75,506.47,776.20,786.66,773.22,506.47,2021-10-06,2021.7561643835616,0.28
399,10/07/21,793.61,19195780,10.86,1.39,1.39,793.61,514.89,785.46,805.00,783.38,514.89,2021-10-07,2021.7589041095891,1.39
400,10/08/21,785.49,16738600,-8.12,-1.02,-1.02,785.49,508.6,796.21,796.38,780.91,508.6,2021-10-08,2021.7616438356165,-1.02
401,10/11/21,791.94,14200320,6.45,0.82,0.82,791.94,513.59,787.65,801.24,785.50,513.59,2021-10-11,2021.7698630136986,0.82
402,10/12/21,805.72,22020040,13.78,1.74,1.74,805.72,524.27,800.93,812.32,796.57,524.27,2021-10-12,2021.772602739726,1.74
403,10/13/21,811.08,14120080,5.36,0.67,0.67,811.08,528.42,810.47,815.41,805.78,528.42,2021-10-13,2021.7753424657535,0.67
404,10/14/21,818.32,12247170,7.24,0.89,0.89,818.32,534.03,815.49,820.25,813.35,534.03,2021-10-14,2021.7780821917809,0.89
405,10/15/21,843.03,18924570,24.71,3.02,3.02,843.03,553.18,823.74,843.21,822.35,553.18,2021-10-15,2021.7808219178082,3.02
406,10/18/21,870.11,24207240,27.08,3.21,3.21,870.11,574.16,851.79,875.26,851.47,574.16,2021-10-18,2021.7890410958903,3.21
407,10/19/21,864.27,17381130,-5.84,-0.67,-0.67,864.27,569.63,877.53,877.95,862.51,569.63,2021-10-19,2021.7917808219179,-0.67
408,10/20/21,865.80,14032050,1.53,0.18,0.18,865.80,570.82,865.35,869.49,857.38,570.82,2021-10-20,2021.7945205479452,0.18
409,10/21/21,894.00,31481450,28.2,3.26,3.26,894.00,592.67,856.00,900.00,855.50,592.67,2021-10-21,2021.7972602739726,3.26
410,10/22/21,909.68,22880840,15.68,1.75,1.75,909.68,604.82,895.50,910.00,890.96,604.82,2021-10-22,2021.8,1.75
411,10/25/21,"1,024.86",62852100,115.18,12.66,12.66,"1,024.86",694.06,950.53,"1,045.02",944.20,694.06,2021-10-25,2021.8082191780823,12.66
412,10/26/21,"1,018.43",62414970,-6.43,-0.63,-0.63,"1,018.43",689.08,"1,024.69","1,094.94","1,001.44",689.08,2021-10-26,2021.8109589041096,-0.63
413,10/27/21,"1,037.86",38526460,19.43,1.91,1.91,"1,037.86",704.13,"1,039.66","1,070.88","1,030.78",704.13,2021-10-27,2021.813698630137,1.91
414,10/28/21,"1,077.04",27213170,39.18,3.78,3.78,"1,077.04",734.49,"1,068.31","1,081.00","1,054.20",734.49,2021-10-28,2021.8164383561643,3.78
415,10/29/21,"1,114.00",29918420,36.96,3.43,3.43,"1,114.00",763.12,"1,081.86","1,115.21","1,073.21",763.12,2021-10-29,2021.8191780821917,3.43
416,11/01/21,"1,208.59",56048720,94.59,8.49,8.49,"1,208.59",836.41,"1,145.00","1,209.75","1,118.66",836.41,2021-11-01,2021.8246575342466,8.49
417,11/02/21,"1,172.00",42737800,-36.59,-3.03,-3.03,"1,172.00",808.06,"1,159.36","1,208.59","1,146.00",808.06,2021-11-02,2021.827397260274,-3.03
418,11/03/21,"1,213.86",34628520,41.86,3.57,3.57,"1,213.86",840.5,"1,177.33","1,215.39","1,152.62",840.5,2021-11-03,2021.8301369863013,3.57
419,11/04/21,"1,229.91",25397410,16.05,1.32,1.32,"1,229.91",852.93,"1,234.41","1,243.49","1,217.00",852.93,2021-11-04,2021.8328767123287,1.32
420,11/05/21,"1,222.09",21628810,-7.82,-0.64,-0.64,"1,222.09",846.87,"1,228.00","1,239.87","1,208.00",846.87,2021-11-05,2021.835616438356,-0.64
421,11/08/21,"1,162.94",33445720,-59.15,-4.84,-4.84,"1,162.94",801.04,"1,149.79","1,197.00","1,133.00",801.04,2021-11-08,2021.8438356164384,-4.84
422,11/09/21,"1,023.50",59105840,-139.44,-11.99,-11.99,"1,023.50",693.01,"1,173.60","1,174.50","1,011.52",693.01,2021-11-09,2021.8465753424657,-11.99
423,11/10/21,"1,067.95",42802720,44.45,4.34,4.34,"1,067.95",727.44,"1,010.41","1,078.10",987.31,727.44,2021-11-10,2021.849315068493,4.34
424,11/11/21,"1,063.51",22396570,-4.44,-0.42,-0.42,"1,063.51",724.0,"1,102.77","1,104.97","1,054.68",724.0,2021-11-11,2021.8520547945207,-0.42
425,11/12/21,"1,033.42",25573150,-30.09,-2.83,-2.83,"1,033.42",700.69,"1,047.50","1,054.50","1,019.20",700.69,2021-11-12,2021.854794520548,-2.83
426,11/15/21,"1,013.39",34775650,-20.03,-1.94,-1.94,"1,013.39",685.17,"1,017.63","1,031.98",978.60,685.17,2021-11-15,2021.86301369863,-1.94
427,11/16/21,"1,054.73",26542360,41.34,4.08,4.08,"1,054.73",717.2,"1,003.31","1,057.20","1,002.18",717.2,2021-11-16,2021.8657534246574,4.08
428,11/17/21,"1,089.01",31445370,34.28,3.25,3.25,"1,089.01",743.76,"1,063.51","1,119.64","1,055.50",743.76,2021-11-17,2021.868493150685,3.25
429,11/18/21,"1,096.38",20898930,7.37,0.68,0.68,"1,096.38",749.47,"1,106.55","1,112.00","1,075.02",749.47,2021-11-18,2021.8712328767124,0.68
430,11/19/21,"1,137.06",21642260,40.68,3.71,3.71,"1,137.06",780.99,"1,098.87","1,138.72","1,092.70",780.99,2021-11-19,2021.8739726027397,3.71
431,11/22/21,"1,156.87",33072510,19.81,1.74,1.74,"1,156.87",796.34,"1,162.33","1,201.95","1,132.43",796.34,2021-11-22,2021.8821917808218,1.74
432,11/23/21,"1,109.03",36171700,-47.84,-4.14,-4.14,"1,109.03",759.27,"1,167.51","1,180.50","1,062.70",759.27,2021-11-23,2021.8849315068494,-4.14
433,11/24/21,"1,116.00",22560240,6.97,0.63,0.63,"1,116.00",764.67,"1,080.39","1,132.77","1,062.00",764.67,2021-11-24,2021.8876712328768,0.63
434,11/26/21,"1,081.92",11680890,-34.08,-3.05,-3.05,"1,081.92",738.27,"1,099.47","1,108.78","1,081.00",738.27,2021-11-26,2021.8931506849315,-3.05
435,11/29/21,"1,136.99",19464470,55.07,5.09,5.09,"1,136.99",780.94,"1,100.99","1,142.67","1,100.19",780.94,2021-11-29,2021.9013698630138,5.09
436,11/30/21,"1,144.76",27092040,7.77,0.68,0.68,"1,144.76",786.96,"1,144.37","1,168.00","1,118.00",786.96,2021-11-30,2021.9041095890411,0.68
437,12/01/21,"1,095.00",22934700,-49.76,-4.35,-4.35,"1,095.00",748.4,"1,160.70","1,172.84","1,090.76",748.4,2021-12-01,2021.9068493150685,-4.35
438,12/02/21,"1,084.60",24371620,-10.4,-0.95,-0.95,"1,084.60",740.35,"1,099.06","1,113.00","1,056.65",740.35,2021-12-02,2021.9095890410958,-0.95
439,12/03/21,"1,014.97",30774000,-69.63,-6.42,-6.42,"1,014.97",686.4,"1,084.79","1,090.58","1,000.21",686.4,2021-12-03,2021.9123287671232,-6.42
440,12/06/21,"1,009.01",27221040,-5.96,-0.59,-0.59,"1,009.01",681.78,"1,001.51","1,021.64",950.50,681.78,2021-12-06,2021.9205479452055,-0.59
441,12/07/21,"1,051.75",18694860,42.74,4.24,4.24,"1,051.75",714.89,"1,044.20","1,057.67","1,026.81",714.89,2021-12-07,2021.9232876712329,4.24
442,12/08/21,"1,068.96",13968790,17.21,1.64,1.64,"1,068.96",728.23,"1,052.71","1,072.38","1,033.00",728.23,2021-12-08,2021.9260273972602,1.64
443,12/09/21,"1,003.80",19812830,-65.16,-6.1,-6.1,"1,003.80",677.74,"1,060.64","1,062.49","1,002.36",677.74,2021-12-09,2021.9287671232876,-6.1
444,12/10/21,"1,017.03",19888120,13.23,1.32,1.32,"1,017.03",687.99,"1,008.75","1,020.98",982.53,687.99,2021-12-10,2021.9315068493152,1.32
445,12/13/21,966.41,26198500,-50.62,-4.98,-4.98,966.41,648.77,"1,001.09","1,005.00",951.42,648.77,2021-12-13,2021.9397260273972,-4.98
446,12/14/21,958.51,23602090,-7.9,-0.82,-0.82,958.51,642.65,945.00,966.41,930.00,642.65,2021-12-14,2021.9424657534246,-0.82
447,12/15/21,975.99,25056410,17.48,1.82,1.82,975.99,656.19,953.21,978.75,928.25,656.19,2021-12-15,2021.945205479452,1.82
448,12/16/21,926.92,27590480,-49.07,-5.03,-5.03,926.92,618.18,994.50,994.98,921.85,618.18,2021-12-16,2021.9479452054795,-5.03
449,12/17/21,932.57,33626754,5.65,0.61,0.61,932.57,622.55,914.77,960.66,909.04,622.55,2021-12-17,2021.9506849315069,0.61
450,12/20/21,899.94,18826670,-32.63,-3.5,-3.5,899.94,597.27,910.70,921.69,893.39,597.27,2021-12-20,2021.958904109589,-3.5
451,12/21/21,938.53,23839310,38.59,4.29,4.29,938.53,627.17,916.87,939.50,886.12,627.17,2021-12-21,2021.9616438356165,4.29
452,12/22/21,"1,008.87",31211360,70.34,7.49,7.49,"1,008.87",681.67,965.66,"1,015.66",957.05,681.67,2021-12-22,2021.964383561644,7.49
453,12/23/21,"1,067.00",30904430,58.13,5.76,5.76,"1,067.00",726.71,"1,006.80","1,072.98",997.56,726.71,2021-12-23,2021.9671232876713,5.76
454,12/27/21,"1,093.94",23715270,26.94,2.52,2.52,"1,093.94",747.58,"1,073.67","1,117.00","1,070.72",747.58,2021-12-27,2021.978082191781,2.52
455,12/28/21,"1,088.47",20107970,-5.47,-0.5,-0.5,"1,088.47",743.34,"1,109.49","1,119.00","1,078.42",743.34,2021-12-28,2021.9808219178083,-0.5
456,12/29/21,"1,086.19",18718020,-2.28,-0.21,-0.21,"1,086.19",741.58,"1,098.64","1,104.00","1,064.14",741.58,2021-12-29,2021.9835616438356,-0.21
457,12/30/21,"1,070.34",15680310,-15.85,-1.46,-1.46,"1,070.34",729.3,"1,061.33","1,095.55","1,053.15",729.3,2021-12-30,2021.986301369863,-1.46
458,12/31/21,"1,056.78",13577880,-13.56,-1.27,-1.27,"1,056.78",718.79,"1,073.44","1,082.00","1,054.59",718.79,2021-12-31,2021.9890410958903,-1.27
459,01/03/22,"1,199.78",34895350,143.0,13.53,13.53,"1,199.78",829.59,"1,147.75","1,201.07","1,136.04",829.59,2022-01-03,2022.0082191780823,13.53
460,01/04/22,"1,149.59",33416090,-50.19,-4.18,-4.18,"1,149.59",790.7,"1,189.55","1,208.00","1,123.05",790.7,2022-01-04,2022.0109589041097,-4.18
461,01/05/22,"1,088.12",26706600,-61.47,-5.35,-5.35,"1,088.12",743.07,"1,146.65","1,170.34","1,081.01",743.07,2022-01-05,2022.013698630137,-5.35
462,01/06/22,"1,064.70",30112160,-23.42,-2.15,-2.15,"1,064.70",724.93,"1,077.00","1,088.00","1,020.50",724.93,2022-01-06,2022.0164383561644,-2.15
463,01/07/22,"1,026.96",28054920,-37.74,-3.54,-3.54,"1,026.96",695.69,"1,080.37","1,080.93","1,010.00",695.69,2022-01-07,2022.0191780821917,-3.54
464,01/10/22,"1,058.12",30604960,31.16,3.03,3.03,"1,058.12",719.83,"1,000.00","1,059.10",980.00,719.83,2022-01-10,2022.027397260274,3.03
465,01/11/22,"1,064.40",22021070,6.28,0.59,0.59,"1,064.40",724.69,"1,053.67","1,075.85","1,038.82",724.69,2022-01-11,2022.0301369863014,0.59
466,01/12/22,"1,106.22",27913010,41.82,3.93,3.93,"1,106.22",757.1,"1,078.85","1,114.84","1,072.59",757.1,2022-01-12,2022.0328767123287,3.93
467,01/13/22,"1,031.56",32403260,-74.66,-6.75,-6.75,"1,031.56",699.25,"1,109.07","1,115.60","1,026.54",699.25,2022-01-13,2022.035616438356,-6.75
468,01/14/22,"1,049.61",24308140,18.05,1.75,1.75,"1,049.61",713.23,"1,019.88","1,052.00","1,013.38",713.23,2022-01-14,2022.0383561643835,1.75
469,01/18/22,"1,030.51",22329800,-19.1,-1.82,-1.82,"1,030.51",698.44,"1,026.61","1,070.79","1,016.06",698.44,2022-01-18,2022.0493150684931,-1.82
470,01/19/22,995.65,25147500,-34.86,-3.38,-3.38,995.65,671.43,"1,041.71","1,054.67",995.00,671.43,2022-01-19,2022.0520547945205,-3.38
471,01/20/22,996.27,23496250,0.62,0.06,0.06,996.27,671.91,"1,009.73","1,041.66",994.00,671.91,2022-01-20,2022.054794520548,0.06
472,01/21/22,943.90,34472008,-52.37,-5.26,-5.26,943.90,631.33,996.34,"1,004.55",940.50,631.33,2022-01-21,2022.0575342465754,-5.26
473,01/24/22,930.00,50791710,-13.9,-1.47,-1.47,930.00,620.56,904.76,933.51,851.47,620.56,2022-01-24,2022.0657534246575,-1.47
474,01/25/22,918.40,28865300,-11.6,-1.25,-1.25,918.40,611.57,914.20,951.26,903.21,611.57,2022-01-25,2022.0684931506848,-1.25
475,01/26/22,937.41,34955760,19.01,2.07,2.07,937.41,626.3,952.43,987.69,906.00,626.3,2022-01-26,2022.0712328767124,2.07
476,01/27/22,829.10,49036520,-108.31,-11.55,-11.55,829.10,542.38,933.36,935.39,829.00,542.38,2022-01-27,2022.0739726027398,-11.55
477,01/28/22,846.35,44929650,17.25,2.08,2.08,846.35,555.75,831.56,857.50,792.01,555.75,2022-01-28,2022.0767123287671,2.08
478,01/31/22,936.72,34812030,90.37,10.68,10.68,936.72,625.77,872.71,937.99,862.05,625.77,2022-01-31,2022.0849315068492,10.68
479,02/01/22,931.25,24379450,-5.47,-0.58,-0.58,931.25,621.53,935.21,943.70,905.00,621.53,2022-02-01,2022.0849315068492,-0.58
480,02/02/22,905.66,22264350,-25.59,-2.75,-2.75,905.66,601.7,928.18,931.50,889.41,601.7,2022-02-02,2022.0876712328768,-2.75
481,02/03/22,891.14,26285190,-14.52,-1.6,-1.6,891.14,590.45,882.00,937.00,880.52,590.45,2022-02-03,2022.0904109589042,-1.6
482,02/04/22,923.32,24541820,32.18,3.61,3.61,923.32,615.39,897.22,936.50,881.17,615.39,2022-02-04,2022.0931506849315,3.61
483,02/07/22,907.34,20331490,-15.98,-1.73,-1.73,907.34,603.0,923.79,947.77,902.71,603.0,2022-02-07,2022.1013698630136,-1.73
484,02/08/22,922.00,16909670,14.66,1.62,1.62,922.00,614.36,905.53,926.29,894.80,614.36,2022-02-08,2022.1041095890412,1.62
485,02/09/22,932.00,17419850,10.0,1.08,1.08,932.00,622.11,935.00,946.27,920.00,622.11,2022-02-09,2022.1068493150685,1.08
486,02/10/22,904.55,22042280,-27.45,-2.95,-2.95,904.55,600.84,908.37,943.81,896.70,600.84,2022-02-10,2022.109589041096,-2.95
487,02/11/22,860.00,26548620,-44.55,-4.93,-4.93,860.00,566.33,909.63,915.96,850.70,566.33,2022-02-11,2022.1123287671232,-4.93
488,02/14/22,875.76,22585470,15.76,1.83,1.83,875.76,578.54,861.57,898.88,853.15,578.54,2022-02-14,2022.1205479452055,1.83
489,02/15/22,922.43,19216510,46.67,5.33,5.33,922.43,614.7,900.00,923.00,893.38,614.7,2022-02-15,2022.123287671233,5.33
490,02/16/22,923.39,17098130,0.96,0.1,0.1,923.39,615.44,914.05,926.43,901.21,615.44,2022-02-16,2022.1260273972603,0.1
491,02/17/22,876.35,18392810,-47.04,-5.09,-5.09,876.35,578.99,913.26,918.50,874.10,578.99,2022-02-17,2022.1287671232876,-5.09
492,02/18/22,856.98,22833950,-19.37,-2.21,-2.21,856.98,563.99,886.00,886.87,837.61,563.99,2022-02-18,2022.131506849315,-2.21
493,02/22/22,821.53,27762730,-35.45,-4.14,-4.14,821.53,536.52,834.13,856.73,801.10,536.52,2022-02-22,2022.1424657534246,-4.14
494,02/23/22,764.04,31752340,-57.49,-7.0,-7.0,764.04,491.98,830.43,835.30,760.56,491.98,2022-02-23,2022.145205479452,-7.0
495,02/24/22,800.77,45107434,36.73,4.81,4.81,800.77,520.43,700.39,802.48,700.00,520.43,2022-02-24,2022.1479452054793,4.81
496,02/25/22,809.87,25355920,9.1,1.14,1.14,809.87,527.49,809.23,819.50,782.40,527.49,2022-02-25,2022.150684931507,1.14
497,02/28/22,870.43,33002290,60.56,7.48,7.48,870.43,574.41,815.01,876.86,814.71,574.41,2022-02-28,2022.158904109589,7.48
498,03/01/22,864.37,24922290,-6.06,-0.7,-0.7,864.37,569.71,869.68,889.88,853.78,569.71,2022-03-01,2022.1671232876713,-0.7
